1	ты	ты	PRON	_	Case=Nom|Number=Sing|Person=2	4	nsubj	_	@yad1986m-words#@yad1986m#2341.18#2341.507
2	был	быть	VERB	_	Aspect=Perf|Gender=Masc|Mood=Ind|Number=Sing|Tense=Past|VerbForm=Fin|Voice=Act	4	cop	_	@yad1986m-words#@yad1986m#2341.507#2341.834
3	на	на	ADP	_	_	4	case	_	@yad1986m-words#@yad1986m#2341.834#2342.161
4	интервью	интервью	NOUN	_	Animacy=Inan|Case=Loc|Gender=Neut|Number=Sing	0	root	_	@yad1986m-words#@yad1986m#2342.161#2342.488
5	ууу	у	ADP	_	_	4	iobj	_	@yad1986m-words#@yad1986m#2342.488#2342.815
6	мм	ммм	INTJ	_	_	5	nmod	_	@yad1986m-words#@yad1986m#2342.815#2343.142
7	/	/	PUNCT	_	_	8	punct	_	@yad1986m-words#@yad1986m#2343.142#2343.469
8	Романова	Романов	PROPN	_	Animacy=Anim|Case=Gen|Gender=Masc|Number=Sing	6	nmod	_	@yad1986m-words#@yad1986m#2343.469#2343.796
9	/	/	PUNCT	_	_	11	punct	_	@yad1986m-words#@yad1986m#2343.796#2344.123
10	я	я	PRON	_	Case=Nom|Number=Sing|Person=1	11	nsubj	_	@yad1986m-words#@yad1986m#2344.123#2344.45
11	зашел	зайти	VERB	_	Aspect=Perf|Gender=Masc|Mood=Ind|Number=Sing|Tense=Past|VerbForm=Fin|Voice=Act	4	parataxis	_	@yad1986m-words#@yad1986m#2344.45#2344.777
12	в	в	ADP	_	_	13	case	_	@yad1986m-words#@yad1986m#2344.777#2345.104
13	комментарии	комментарий	NOUN	_	Animacy=Inan|Case=Loc|Gender=Masc|Number=Sing	11	obl	_	@yad1986m-words#@yad1986m#2345.104#2345.431
14	/	/	PUNCT	_	_	20	punct	_	@yad1986m-words#@yad1986m#2345.431#2345.758
15	и	и	CCONJ	_	_	20	cc	_	@yad1986m-words#@yad1986m#2345.758#2346.085
16	/	/	PUNCT	_	_	20	punct	_	@yad1986m-words#@yad1986m#2346.085#2346.412
17	там	там	ADV	_	Degree=Pos	20	advmod	_	@yad1986m-words#@yad1986m#2346.412#2346.739
18	человек	человек	NOUN	_	Animacy=Anim|Case=Nom|Gender=Masc|Number=Sing	20	nsubj	_	@yad1986m-words#@yad1986m#2346.739#2347.066
19	просто	просто	PART	_	_	20	advmod	_	@yad1986m-words#@yad1986m#2347.066#2347.393
20	озвучил	озвучить	VERB	_	Aspect=Perf|Gender=Masc|Mood=Ind|Number=Sing|Tense=Past|VerbForm=Fin|Voice=Act	11	conj	_	@yad1986m-words#@yad1986m#2347.393#2347.72
21	мои	мой	DET	_	Case=Nom|Number=Plur	22	det	_	@yad1986m-words#@yad1986m#2347.72#2348.047
22	мысли	мысль	NOUN	_	Animacy=Inan|Case=Nom|Gender=Fem|Number=Plur	41	nsubj	_	@yad1986m-words#@yad1986m#2348.047#2348.374
23	/	/	PUNCT	_	_	22	punct	_	@yad1986m-words#@yad1986m#2348.374#2348.701
24	так	так	ADV	_	Degree=Pos	41	advmod	_	@yad1986m-words#@yad1986m#2348.701#2349.028
25	/	/	PUNCT	_	_	29	punct	_	@yad1986m-words#@yad1986m#2349.028#2349.355
26	и	и	PART	_	_	29	cc	_	@yad1986m-words#@yad1986m#2349.355#2349.682
27	не	не	PART	_	_	29	advmod	_	@yad1986m-words#@yad1986m#2349.682#2350.009
28	был	быть	AUX	_	Aspect=Imp|Gender=Masc|Mood=Ind|Number=Sing|Tense=Past|VerbForm=Fin|Voice=Act	29	aux:pass	_	@yad1986m-words#@yad1986m#2350.009#2350.336
29	задан	задать	VERB	_	Aspect=Perf|Gender=Masc|Number=Sing|Tense=Past|Variant=Short|VerbForm=Part|Voice=Pass	24	conj	_	@yad1986m-words#@yad1986m#2350.336#2350.663
30	вопрос	вопрос	NOUN	_	Animacy=Inan|Case=Nom|Gender=Masc|Number=Sing	29	nsubj:pass	_	@yad1986m-words#@yad1986m#2350.663#2350.99
31	/	/	PUNCT	_	_	32	punct	_	@yad1986m-words#@yad1986m#2350.99#2351.317
32	аа	ааа	INTJ	_	_	30	nmod	_	@yad1986m-words#@yad1986m#2351.317#2351.644
33	/	/	PUNCT	_	_	35	punct	_	@yad1986m-words#@yad1986m#2351.644#2351.971
34	сколько	сколько	NUM	_	_	35	nummod:gov	_	@yad1986m-words#@yad1986m#2351.971#2352.298
35	дней	день	NOUN	_	Animacy=Inan|Case=Gen|Gender=Masc|Number=Plur	32	nmod	_	@yad1986m-words#@yad1986m#2352.298#2352.625
36	/	/	PUNCT	_	_	39	punct	_	@yad1986m-words#@yad1986m#2352.625#2352.952
37	после	после	ADP	_	_	39	case	_	@yad1986m-words#@yad1986m#2352.952#2353.279
38	своих	свой	DET	_	Case=Gen|Number=Plur	39	det	_	@yad1986m-words#@yad1986m#2353.279#2353.606
39	стендапов	стендап	NOUN	_	Animacy=Inan|Case=Gen|Gender=Masc|Number=Plur	35	nmod	_	@yad1986m-words#@yad1986m#2353.606#2353.933
40	Сабурову	Сабуров	PROPN	_	Animacy=Anim|Case=Dat|Gender=Masc|Number=Sing	39	iobj	_	@yad1986m-words#@yad1986m#2353.933#2354.26
41	приходится	приходиться	VERB	_	Aspect=Imp|Mood=Ind|Number=Sing|Person=3|Tense=Pres|VerbForm=Fin|Voice=Mid	20	advcl	_	@yad1986m-words#@yad1986m#2354.26# 2354.587
42	спать	спать	VERB	_	Aspect=Imp|VerbForm=Inf|Voice=Act	41	xcomp	_	@yad1986m-words#@yad1986m#2354.587#2354.914
43	на	на	ADP	_	_	44	case	_	@yad1986m-words#@yad1986m#2354.914#2355.241
44	диване	диван	NOUN	_	Animacy=Inan|Case=Loc|Gender=Masc|Number=Sing	42	obl	_	@yad1986m-words#@yad1986m#2355.241#2355.59
45	ты	ты	PRON	_	Case=Nom|Number=Sing|Person=2	42	obj	_	@yad1986m-words#@yad1986m#2358.81#2359.283
46	жестко	жестко	ADV	_	Degree=Pos	50	advmod	_	@yad1986m-words#@yad1986m#2359.283#2359.756
47	/	/	PUNCTl	_	_	48	punct	_	@yad1986m-words#@yad1986m#2359.756#2360.229
48	фигачишь	фигачить	VERB	_	Aspect=Imp|Mumber=Sing|Person=2|Tense=Pres|VerbFom=Fin|Voice=Act	46	parataxis	_	@yad1986m-words#@yad1986m#2360.229#2360.702
49	/	/	PUNCT	_	_	48	punct	_	@yad1986m-words#@yad1986m#2360.702#2361.175
50	свою	свой	DET	_	Case=Acc|Gender=Fem|Number=Sing	45	det	_	@yad1986m-words#@yad1986m#2361.175#2361.648
51	/	/	PUNCT	_	_	52	punct	_	@yad1986m-words#@yad1986m#2361.648#2362.121
52	жену	жена	NOUN	_	Animacy=Anim|Case=Acc|Gender=Fem|Number=Sing	45	appos	_	@yad1986m-words#@yad1986m#2362.121#2362.6
53	у	у	ADP	_	_	54	case	_	@yad1986m-words#@yad1986m#2363.08#2363.388
54	Нурлана	Нурлан	PROPN	_	Animacy=Anim|Case=Gen|Gender=Masc|Number=Sing	52	nmod	_	@yad1986m-words#@yad1986m#2363.388#2363.696
55	кстати	кстати	ADV	_	Degree=Pos	59	advmod	_	@yad1986m-words#@yad1986m#2363.696#2364.004
56	красотка	красотка	NOUN	_	Animacy=Inan|Case=Nom|Gender=Fem|Number=Sing	59	nsubj	_	@yad1986m-words#@yad1986m#2364.004#2364.312
57	жена	жена	NOUN	_	Animacy=Anim|Case=Nom|Gender=Fem|Number=Sing	56	nmod	_	@yad1986m-words#@yad1986m#2364.312#2364.62
58	/	/	PUNCT	_	_	57	punct	_	@yad1986m-words#@yad1986m#2364.62#2364.928
59	можете	мочь	VERB	_	Aspect=Imp|Mood=Ind|Number=Plur|Person=2|Tense=Pres|VerbForm=Fin|Voice=Act	41	parataxis	_	@yad1986m-words#@yad1986m#2364.928#2365.236
60	посмотреть	смотреть	VERB	_	Aspect=Perf|VerbForm=Inf|Voice=Act	59	xcomp	_	@yad1986m-words#@yad1986m#2365.236#2365.544
61	на	на	ADP	_	_	65	case	_	@yad1986m-words#@yad1986m#2365.544#2365.852
62	вот	вот	PART	_	_	63	advmod	_	@yad1986m-words#@yad1986m#2365.852#2366.16
63	эти	этот	DET	_	Case=Acc|Number=Plur	65	det	_	@yad1986m-words#@yad1986m#2366.16#2366.468
64	все	весь	DET	_	Case=Acc|Number=Plur	65	det	_	@yad1986m-words#@yad1986m#2366.468#2366.776
65	фотографии	фотография	NOUN	_	Animacy=Inan|Case=Acc|Gender=Fem|Number=Plur	60	obl	_	@yad1986m-words#@yad1986m#2366.776#2367.09
66	ты	ты	PRON	_	Case=Nom|Number=Sing|Person=2	69	nsubj	_	@yad1986m-words#@yad1986m#2367.3#2367.645
67	просто	просто	PART	_	_	68	advmod	_	@yad1986m-words#@yad1986m#2367.645#2367.99
68	жестко	жестко	ADV	_	Degree=Pos	69	advmod	_	@yad1986m-words#@yad1986m#2367.99#2368.335
69	фигачишь	фигачить	VERB	_	Aspect=Imp|Mumber=Sing|Person=2|Tense=Pres|VerbFom=Fin|Voice=Act	4	conj	_	@yad1986m-words#@yad1986m#2368.335#2368.68
70	её	она	PRON	_	Case=Acc|Gender=Fem|Number=Sing|Person=3	69	obj	_	@yad1986m-words#@yad1986m#2368.68#2369.025
71	/	/	PUNCT	_	_	73	punct	_	@yad1986m-words#@yad1986m#2369.025#2369.37
72	про	про	ADP	_	_	73	case	_	@yad1986m-words#@yad1986m#2369.37#2369.715
73	то	то	PRON	_	Animacy=Inan|Case=Acc|Gender=Neut|Number=Sing	70	acl	_	@yad1986m-words#@yad1986m#2369.715#2370.06
74	что	что	PRON	_	Case=Acc	76	obj	_	@yad1986m-words#@yad1986m#2370.06#2370.405
75	ей	она	PRON	_	Case=Dat|Gender=Fem|Number=Sing|Person=3	76	iobj	_	@yad1986m-words#@yad1986m#2370.405#2370.75
76	делали	делать	VERB	_	Aspect=Imp|Mood=Ind|Number=Plur|Tense=Past|VerbForm=Fin|Voice=Act	60	xcomp	_	@yad1986m-words#@yad1986m#2370.75#2371.095
77	пересадку	пересадка	NOUN	_	Animacy=Inan|Case=Acc|Gender=Fem|Number=Sing	76	obj	_	@yad1986m-words#@yad1986m#2371.095#2371.44
78	мозга	мозг	NOUN	_	Animacy=Inan|Case=Gen|Gender=Masc|Number=Sing	77	nmod	_	@yad1986m-words#@yad1986m#2371.44#2371.785
79	/	/	PUNCT	_	_	76	punct	_	@yad1986m-words#@yad1986m#2371.785#2372.13
80	про	про	ADP	_	_	81	case	_	@yad1986m-words#@yad1986m#2372.13#2372.475
81	то	то	PRON	_	Animacy=Inan|Case=Acc|Gender=Neut|Number=Sing	76	obl	_	@yad1986m-words#@yad1986m#2372.475#2372.82
82	что	что	SCONJ	_	_	81	fixed	_	@yad1986m-words#@yad1986m#2372.82#2373.165
83	она	она	PRON	_	Case=Nom|Gender=Fem|Number=Sing|Person=3	84	nsubj	_	@yad1986m-words#@yad1986m#2373.165#2373.51
84	недалекая	недалекий	ADJ	_	Case=Nom|Degree=Pos|Gender=Fem|Number=Sing	81	acl	_	@yad1986m-words#@yad1986m#2373.51#2373.855
85	/	/	PUNCT	_	_	84	punct	_	@yad1986m-words#@yad1986m#2373.855#2374.2
86	совершенно	совершенно	ADV	_	Degree=Pos	87	obl	_	@yad1986m-words#@yad1986m#2374.2#2374.545
87	чудовищные	чудовищный	ADJ	_	Case=Nom|Degree=Pos|Number=Plur	100	nsubj	_	@yad1986m-words#@yad1986m#2374.545#2374.89
88	если	если	SCONJ	_	_	91	mark	_	@yad1986m-words#@yad1986m#2374.89#2375.235
89	бы	бы	AUX	_	_	91	aux	_	@yad1986m-words#@yad1986m#2375.235#2375.58
90	феминистки	феминистка	NOUN	_	Animacy=Anim|Case=Nom|Gender=Fem|Number=Plur	91	nsubj	_	@yad1986m-words#@yad1986m#2375.58#2375.925
91	смотрели	смотреть	VERB	_	Aspect=Imp|Mood=Ind|Number=Plur|Tense=Past|VerbForm=Fin|Voice=Act	100	advcl	_	@yad1986m-words#@yad1986m#2375.925#2376.27
92	твои	твой	DET	_	Case=Acc|Number=Plur	93	det	_	@yad1986m-words#@yad1986m#2376.27#2376.615
93	стендапы	стендап	NOUN	_	Animacy=Inan|Case=Acc|Gender=Fem|Number=Plur	91	obj	_	@yad1986m-words#@yad1986m#2376.615#2376.96
94	они	они	PRON	_	Case=Nom|Number=Plur|Person=3	97	nsubj	_	@yad1986m-words#@yad1986m#2376.96#2377.305
95	бы	бы	AUX	_	_	97	aux	_	@yad1986m-words#@yad1986m#2377.305#2377.65
96	просто	просто	PART	_	_	97	advmod	_	@yad1986m-words#@yad1986m#2377.65#2377.995
97	тебя	ты	PRON	_	Case=Acc|Number=Sing|Person=2	91	obj	_	@yad1986m-words#@yad1986m#2377.995#2378.34
98	из	из	ADP	_	_	99	case	_	@yad1986m-words#@yad1986m#2378.34#2378.685
99	говномета	говномет	NOUN	_	Animacy=Inan|Case=Gen|Gender=Masc|Number=Sing	91	obl	_	@yad1986m-words#@yad1986m#2378.685#2379.03
100	расстреляли	расстрелять	VERB	_	Aspect=Perf|Mood=Ind|Number=Plur|Tense=Past|VerbForm=Fin|Voice=Ac	84	conj	_	@yad1986m-words#@yad1986m#2379.03# 2379.375
101	бы	бы	AUX	_	_	100	aux	_	@yad1986m-words#@yad1986m#2379.375#2379.72
102	/	/	PUNCT	_	_	105	punct	_	@yad1986m-words#@yad1986m#2379.72#2380.065
103	за	за	ADP	_	_	105	case	_	@yad1986m-words#@yad1986m#2380.065#2380.41
104	мм	ммм	INTJ	_	_	105	amod	_	@yad1986m-words#@yad1986m#2380.41#2380.755
105	панч	панч	NOUN	_	Animacy=Inan|Case=Acc|Gender=Masc|Number=Sing	111	obl	_	@yad1986m-words#@yad1986m#2380.755#2381.1
106	/	/	PUNCT	_	_	111	punct	_	@yad1986m-words#@yad1986m#2381.1#2381.445
107	про	про	ADP	_	_	111	parataxis	_	@yad1986m-words#@yad1986m#2381.445#2381.79
108	/	/	PUNCT	_	_	107	punct	_	@yad1986m-words#@yad1986m#2381.79#2382.135
109	как-то	как-то	ADV	_	_	111	advmod	_	@yad1986m-words#@yad1986m#2382.135#2382.48
110	она	она	PRON	_	Case=Nom|Gender=Fem|Number=Sing|Person=3	111	nsubj	_	@yad1986m-words#@yad1986m#2382.48#2382.825
111	подошла	подойти	VERB	_	Aspect=Perf|Gender=Fem|Mood=Ind|Number=Sing|Tense=Past|VerbForm=Fin|Voice=Act	100	parataxis	_	@yad1986m-words#@yad1986m#2382.825#2383.17
112	ко	к	ADP	_	_	113	case	_	@yad1986m-words#@yad1986m#2383.17#2383.515
113	мне	я	PRON	_	Case=Dat|Number=Sing|Person=1	111	obl	_	@yad1986m-words#@yad1986m#2383.515#2383.86
114	и	и	PART	_	_	115	cc	_	@yad1986m-words#@yad1986m#2383.86#2384.205
115	спросила	спросить	VERB	_	Aspect=Perf|Gender=Fem|Mood=Ind|Number=Sing|Tense=Past|VerbForm=Fin|Voice=Act	111	conj	_	@yad1986m-words#@yad1986m#2384.205#2384.55
116	/	/	PUNCT	_	_	119	punct	_	@yad1986m-words#@yad1986m#2384.55#2384.895
117	сколько	сколько	NUM	_	_	119	advmod	_	@yad1986m-words#@yad1986m#2384.895#2385.24
118	мы	мы	PRON	_	Case=Nom|Number=Plur|Person=1	119	nsubj	_	@yad1986m-words#@yad1986m#2385.24# 2385.585
119	зарабатываем	зарабатывать	VERB	_	Aspect=Imp|Mood=Ind|Number=Plur|Person=1|Tense=Pres|VerbForm=Fin|Voice=Act	115	ccomp	_	@yad1986m-words#@yad1986m#2385.585#2385.94
120	мы	мы	PRON	_	Case=Nom|Number=Plur|Person=1	121	nsubj	_	@yad1986m-words#@yad1986m#2386.8# 2387.165
121	зарабатываем	зарабатывать	VERB	_	Aspect=Imp|Mood=Ind|Number=Plur|Person=1|Tense=Pres|VerbForm=Fin|Voice=Act	119	ccomp	_	@yad1986m-words#@yad1986m#2387.165#2387.53
122	?	?	PUNCT	_	_	121	punct	_	@yad1986m-words#@yad1986m#2387.53# 2387.895
123	/	/	PUNCT	_	_	133	punct	_	@yad1986m-words#@yad1986m#2387.895#2388.26
124	вот	вот	PART	_	_	126	advmod	_	@yad1986m-words#@yad1986m#2388.26# 2388.625
125	за	за	ADP	_	_	126	case	_	@yad1986m-words#@yad1986m#2388.625#2388.99
126	это	это	PRON	_	Animacy=Inan|Case=Acc|Gender=Neut|Number=Sing	133	obl	_	@yad1986m-words#@yad1986m#2388.99# 2389.355
127	просто	просто	PART	_	_	128	advmod	_	@yad1986m-words#@yad1986m#2389.355#2389.72
128	з...	эээ	INTJ	_	_	133	iobj	_	@yad1986m-words#@yad1986m#2389.72# 2390.085
129	даже	даже	PART	_	_	130	advmod	_	@yad1986m-words#@yad1986m#2390.085#2390.45
130	я	я	PRON	_	Case=Nom|Number=Sing|Person=1	133	nsubj:pass	_	@yad1986m-words#@yad1986m#2390.45
131	этим	это	PRON	_	Animacy=Inan|Case=Ins|Gender=Neut|Number=Sing	133	obl	_	@yad1986m-words#@yad1986m#2390.815#2391.18
132	был	быть	AUX	_	Aspect=Imp|Gender=Masc|Mood=Ind|Number=Sing|Tense=Past|VerbForm=Fin|Voice=Act	133	aux:pass	_	@yad1986m-words#@yad1986m#2391.18
133	возмущен	возмутить	VERB	_	Aspect=Perf|Gender=Masc|Number=Sing|Tense=Past|Variant=Short|VerbForm=Part|Voice=Pass	134	parataxis	_	@yad1986m-words#@yad1986m#2391.545#2391.91
134	понимаешь	понимать	VERB	_	Aspect=Imp|Mood=Ind|Number=Sing|Person=2|Tense=Pres|VerbForm=Fin|Voice=Act	121	conj	_	@yad1986m-words#@yad1986m#2391.91
135	/	/	PUNCT	_	_	137	punct	_	@yad1986m-words#@yad1986m#2392.275#2392.64
136	когда	когда	SCONJ	_	_	137	mark	_	@yad1986m-words#@yad1986m#2392.64
137	смотрел	смотреть	VERB	_	Aspect=Imp|Gender=Masc|Mood=Ind|Number=Sing|Tense=Past|VerbForm=Fin|Voice=Act	134	advcl	_	@yad1986m-words#@yad1986m#2393.005#2393.38
138	как	как	ADV	_	Degree=Pos	139	advmod	_	@yad1986m-words#@yad1986m#2394.11
139	реагирует	реагировать	VERB	_	Aspect=Imp|Mood=Ind|Number=Sing|Person=3|Tense=Pres|VerbForm=Fin|Voice=Act	149	parataxis	_	@yad1986m-words#@yad1986m#2394.568#2395.026
140	/	/	PUNCT	_	_	142	punct	_	@yad1986m-words#@yad1986m#2395.026#2395.484
141	прекрасная	прекрасный	ADJ	_	Case=Nom|Degree=Pos|Gender=Fem|Number=Sing	142	amod	_	@yad1986m-words#@yad1986m#2395.484#2395.942
142	Диана	Диана	PROPN	_	Animacy=Anim|Case=Fem|Gender=Masc|Number=Sing	139	obl	_	@yad1986m-words#@yad1986m#2395.942#2396.4
143	?	?	PUNCT	_	_	139	punct	_	@yad1986m-words#@yad1986m#2396.4
144	аа	а	CCONJ	_	_	149	nsubj	_	@yad1986m-words#@yad1986m#2421.55
145	как	как	ADV	_	_	147	mark	_	@yad1986m-words#@yad1986m#2569.95
146	ты	ты	PRON	_	Case=Nom|Number=Sing|Person=2	147	nsubj	_	@yad1986m-words#@yad1986m#2570.179#2570.408
147	думаешь	думать	VERB	_	Aspect=Imp|Mood=Ind|Number=Sing|Person=2|Tense=Pres|VerbForm=Fin|Voice=Act	149	advcl	_	@yad1986m-words#@yad1986m#2570.408#2570.637
148	её	она	PRON	_	Case=Acc|Gender=Fem|Number=Sing|Person=3	149	obj	_	@yad1986m-words#@yad1986m#2570.637#2570.866
149	заводит	заводить	VERB	_	Aspect=Imp|Mood=Ind|Number=Sing|Person=3|Tense=Pres|VerbForm=Fin|Voice=Act	137	conj	_	@yad1986m-words#@yad1986m#2570.866#2571.095
150	что	что	SCONJ	_	_	152	mark	_	@yad1986m-words#@yad1986m#2571.095#2571.324
151	ты	ты	PRON	_	Case=Nom|Number=Sing|Person=2	152	nsubj	_	@yad1986m-words#@yad1986m#2571.324#2571.553
152	издеваешься	издеваться	VERB	_	Aspect=Imp|Mood=Ind|Number=Sing|Person=2|Tense=Pres|VerbForm=Fin|Voice=Mid	149	advcl	_	@yad1986m-words#@yad1986m#2571.553#2571.782
153	над	над	ADP	_	_	154	case	_	@yad1986m-words#@yad1986m#2571.782#2572.011
154	ней	она	PRON	_	Case=Ins|Gender=Fem|Number=Sing|Person=3	152	obl	_	@yad1986m-words#@yad1986m#2572.011#2572.24
155	так	так	ADV	_	Degree=Pos	152	conj	_	@yad1986m-words#@yad1986m#2572.24
156	?	?	PUNCT	_	_	155	punct	_	@yad1986m-words#@yad1986m#2572.469#2572.7
157	тесть	тесть	NOUN	_	Animacy=Anim|Case=Nom|Gender=Fem|Number=Sing	155	nsubj	_	@yad1986m-words#@yad1986m#2614.04
158	и	и	CCONJ	_	_	159	cc	_	@yad1986m-words#@yad1986m#2614.328#2614.616
159	тёща	тёще	NOUN	_	Animacy=Anim|Case=Nom|Gender=Fem|Number=Sing	157	conj	_	@yad1986m-words#@yad1986m#2614.616#2614.904
160	/	/	PUNCT	_	_	163	punct	_	@yad1986m-words#@yad1986m#2614.904#2615.192
161	как	как	ADV	_	_	163	mark	_	@yad1986m-words#@yad1986m#2615.192#2615.48
162	они	они	PRON	_	Case=Nom|Number=Plur|Person=3	163	nsubj	_	@yad1986m-words#@yad1986m#2615.48
163	относятся	относиться	VERB	_	Aspect=Imp|Mood=Ind|Number=Plur|Person=3|Tense=Pres|VerbForm=Fin|Voice=Mid	159	acl	_	@yad1986m-words#@yad1986m#2615.768#2616.056
164	к	к	ADP	_	_	165	case	_	@yad1986m-words#@yad1986m#2616.056#2616.344
165	этому	это	PRON	_	Animacy=Inan|Case=Dat|Gender=Neut|Number=Sing	163	obl	_	@yad1986m-words#@yad1986m#2616.344#2616.632
166	?	?	PUNCT	_	_	163	punct	_	@yad1986m-words#@yad1986m#2616.632#2616.92
167	обычно	обычно	ADV	_	Degree=Pos	163	advmod	_	@yad1986m-words#@yad1986m#2622.49
168	/	/	PUNCT	_	_	172	punct	_	@yad1986m-words#@yad1986m#2622.823#2623.156
стебфть	ты	ты	PRON	_	Case=Nom|Number=Sing|Person=2	172	nsubj	_	@yad1986m-words#@yad1986m#2623.156#2623.489
170	её	она	PRON	_	Case=Acc|Gender=Fem|Number=Sing|Person=3	172	obj	_	@yad1986m-words#@yad1986m#2623.489#2623.822
171	жёстко	жёстко	ADV	_	Degree=Pos	172	advmod	_	@yad1986m-words#@yad1986m#2623.822#2624.155
172	стебёшь	стебёть	VERB	_	Aspect=Imp|Mood=Ind|Number=Sing|Person=2|Tense=Fut|VerbForm=Fin|Voice=Act	163	parataxis	_	@yad1986m-words#@yad1986m#2624.155#2624.488
173	а	а	CCONJ	_	_	174	cc	_	@yad1986m-words#@yad1986m#2624.488#2624.821
174	скажи	сказать	VERB	_	Aspect=Perf|Mood=Imp|Number=Sing|Person=2|VerbForm=Fin|Voice=Act	172	conj	_	@yad1986m-words#@yad1986m#2624.821#2625.154
175	щас	сейчас	ADV	_	_	174	xcomp	_	@yad1986m-words#@yad1986m#2625.154#2625.487
176	что-нибудь	что-нибудь	PRON	_	Case=Acc	194	obj	_	@yad1986m-words#@yad1986m#2625.487#2625.82
177	про	про	ADP	_	_	178	case	_	@yad1986m-words#@yad1986m#2625.82
178	неё	она	PRON	_	Animacy=Inan|Case=Acc|Gender=Neut|Number=Sing	194	obl	_	@yad1986m-words#@yad1986m#2626.153#2626.486
179	/	/	PUNCT	_	_	180	punct	_	@yad1986m-words#@yad1986m#2626.486#2626.819
180	аа	а	INTJ	_	_	194	nsubj	_	@yad1986m-words#@yad1986m#2626.819#2627.152
181	/	/	PUNCT	_	_	184	punct	_	@yad1986m-words#@yad1986m#2627.152#2627.485
182	серьёзное	серьезный	ADJ	_	Case=Acc|Degree=Pos|Gender=Neut|Number=Sing	184	amod	_	@yad1986m-words#@yad1986m#2627.485#2627.818
183	и	и	CCONJ	_	_	184	cc	_	@yad1986m-words#@yad1986m#2627.818#2628.151
184	настоящее	настоящий	ADJ	_	Case=Acc|Degree=Pos|Gender=Neut|Number=Sing	180	nmod	_	@yad1986m-words#@yad1986m#2628.151#2628.5
185	#усмешка#	#усмешка#	X	_	_	184	nmod	_	@nas1991m-words#@nas1991m#2355.77
186	ни	ни	PART	_	_	187	advmod	_	@nas1991m-words#@nas1991m#2356.446#2357.122
187	одного	один	NUM	_	Case=Gen|Gender=Masc	188	nummod	_	@nas1991m-words#@nas1991m#2357.122#2357.8
188	она	она	PRON	_	Case=Gen|Gender=Fem|Number=Sing	184	nmod	_	@nas1991m-words#@nas1991m#2396.9
189	ааа	ааа	INTJ	_	_	188	nmod	_	@nas1991m-words#@nas1991m#2398.53
190	/	/	PUNCT	_	_	184	punct	_	@nas1991m-words#@nas1991m#2398.926#2399.322
191	прекрасно	прекрасно	ADV	_	Degree=Pos	194	advmod	_	@nas1991m-words#@nas1991m#2399.322#2399.718
192	к	к	ADP	_	_	193	case	_	@nas1991m-words#@nas1991m#2399.718#2400.114
193	этому	это	PRON	_	Animacy=Inan|Case=Dat|Gender=Neut|Number=Sing	194	obl	_	@nas1991m-words#@nas1991m#2400.114#2400.51
194	относится	относиться	VERB	_	Aspect=Imp|Mood=Ind|Number=Sing|Person=3|Tense=Pres|VerbForm=Fin|Voice=Mid	175	xcomp	_	@nas1991m-words#@nas1991m#2400.51
195	более	более	ADV	_	Degree=Cmp	196	nummod:gov	_	@nas1991m-words#@nas1991m#2401.29
196	того	тот	DET	_	Animacy=Inan|Case=Gen|Gender=Neut|Number=Sing	198	obl	_	@nas1991m-words#@nas1991m#2401.64
197	сама	сам	DET	_	Case=Nom|Gender=Fem|Number=Sing	198	obl	_	@nas1991m-words#@nas1991m#2401.99
198	похихикивает	похихикивать	VERB	_	Aspect=Imp|Mood=Ind|Number=Sing|Person=3|Tense=Pres|VerbForm=Fin|Voice=Act	200	conj	_	@nas1991m-words#@nas1991m#2402.81
199	/	/	PUNCT	_	_	200	punct	_	@nas1991m-words#@nas1991m#2403.25
200	приходит	приходить	VERB	_	Aspect=Imp|Mood=Ind|Number=Sing|Person=3|Tense=Pres|VerbForm=Fin|Voice=Act	194	parataxis	_	@nas1991m-words#@nas1991m#2403.69
201	на	на	ADP	_	_	204	case	_	@nas1991m-words#@nas1991m#2404.13
202	мои	мой	DET	_	Case=Acc|Number=Plur	204	det	_	@nas1991m-words#@nas1991m#2404.57
203	проверочные	проверочный	ADJ	_	Animacy=Inan|Case=Acc|Degree=Pos|Number=Plur	204	amod	_	@nas1991m-words#@nas1991m#2405.01
204	концерты	концерт	NOUN	_	Animacy=Inan|Case=Acc|Gender=Masc|Number=Plur	200	obl	_	@nas1991m-words#@nas1991m#2405.45
205	проверочные	проверочный	ADJ	_	Animacy=Inan|Case=Acc|Degree=Pos|Number=Plur	206	amod	_	@nas1991m-words#@nas1991m#2405.89
206	выступления	выступление	NOUN	_	Animacy=Inan|Case=Acc|Gender=Neut|Number=Plur	200	obj	_	@nas1991m-words#@nas1991m#2406.33
207	/	/	PUNCT	_	_	212	punct	_	@nas1991m-words#@nas1991m#2406.77
208	первая	первый	ADJ	_	Case=Nom|Degree=Pos|Gender=Fem|Number=Sing	209	amod	_	@nas1991m-words#@nas1991m#2407.21
209	эт...	это	PRON	_	Animacy=Inan|Case=Acc|Gender=Neut|Number=Sing	212	nsubj	_	@nas1991m-words#@nas1991m#2407.65
210	об	о	ADP	_	_	211	case	_	@nas1991m-words#@nas1991m#2408.09
211	этом	это	PRON	_	Animacy=Inan|Case=Loc|Gender=Neut|Number=Sing	212	obl	_	@nas1991m-words#@nas1991m#2408.53
212	слышит	слышать	VERB	_	Aspect=Imp|Mood=Ind|Number=Sing|Person=3|Tense=Pres|VerbForm=Fin|Voice=Act	200	conj	_	@nas1991m-words#@nas1991m#2408.97
213	поэтому	поэтому	ADV	_	Degree=Pos	212	advmod	_	@nas1991m-words#@nas1991m#2409.94
214	все	весь	DET	_	Case=Nom|Number=Plur	216	det	_	@nas1991m-words#@nas1991m#2410.379#2410.818
215	эти	этот	DET	_	Case=Nom|Number=Plur	216	det	_	@nas1991m-words#@nas1991m#2410.818#2411.257
216	комментарии	комментарий	NOUN	_	Animacy=Inan|Case=Nom|Gender=Masc|Number=Plur	224	obj	_	@nas1991m-words#@nas1991m#2411.257#2411.696
217	даже	даже	PART	_	_	219	advmod	_	@nas1991m-words#@nas1991m#2411.696#2412.135
218	для	для	ADP	_	_	219	case	_	@nas1991m-words#@nas1991m#2412.135#2412.574
219	неё	она	PRON	_	Case=Gen|Gender=Fem|Number=Sing|Person=3	224	obl	_	@nas1991m-words#@nas1991m#2412.574#2413.013
220	/	/	PUNCT	_	_	219	punct	_	@nas1991m-words#@nas1991m#2413.013#2413.452
221	ну	ну	PART	_	_	223	parataxis	_	@nas1991m-words#@nas1991m#2413.452#2413.891
222	/	/	PUNCT	_	_	221	punct	_	@nas1991m-words#@nas1991m#2413.891#2414.33
223	глупо	глупо	ADV	_	Degree=Pos	224	advmod	_	@nas1991m-words#@nas1991m#2414.33
224	звучат	звучать	VERB	_	Aspect=Imp|Mood=Ind|Number=Plur|Person=3|Tense=Pres|VerbForm=Fin|Voice=Act	212	xcomp	_	@nas1991m-words#@nas1991m#2414.769#2415.21
225	поэтому	поэтому	ADV	_	Degree=Pos	224	advmod	_	@nas1991m-words#@nas1991m#2415.53
226	те	тот	DET	_	Case=Nom|Number=Plur	227	det	_	@nas1991m-words#@nas1991m#2415.889#2416.248
227	люди	человек	NOUN	_	Animacy=Anim|Case=Nom|Gender=Masc|Number=Plur	230	nsubj	_	@nas1991m-words#@nas1991m#2416.248#2416.607
228	которые	который	PRON	_	Case=Nom|Number=Plur	194	obj	_	@nas1991m-words#@nas1991m#2416.607#2416.966
229	её	она	PRON	_	Case=Acc|Gender=Fem|Number=Sing|Person=3	230	obj	_	@nas1991m-words#@nas1991m#2416.966#2417.325
230	хотят	хотеть	VERB	_	Aspect=Imp|Mood=Ind|Number=Plur|Person=3|Tense=Pres|VerbForm=Fin|Voice=Act	212	advcl	_	@nas1991m-words#@nas1991m#2417.325#2417.684
231	защитить	защитить	VERB	_	Aspect=Perf|VerbForm=Inf|Voice=Act	230	xcomp	_	@nas1991m-words#@nas1991m#2417.684#2418.043
232	почему-то	почему-то	ADV	_	Degree=Pos	231	advmod	_	@nas1991m-words#@nas1991m#2418.043#2418.402
233	/	/	PUNCT	_	_	237	punct	_	@nas1991m-words#@nas1991m#2418.402#2418.761
234	она	она	PRON	_	Case=Nom|Gender=Fem|Number=Sing|Person=3	237	nsubj	_	@nas1991m-words#@nas1991m#2418.761#2419.12
235	к	к	ADP	_	_	236	case	_	@nas1991m-words#@nas1991m#2419.12
236	ним	они	PRON	_	Case=Dat|Number=Plur|Person=3	237	obl	_	@nas1991m-words#@nas1991m#2419.479#2419.838
237	относится	относить	VERB	_	Aspect=Imp|Mood=Ind|Number=Sing|Person=3|Tense=Pres|VerbForm=Fin|Voice=Mid	231	conj	_	@nas1991m-words#@nas1991m#2419.838#2420.197
238	нуу	ну	PART	_	_	256	iobj	_	@nas1991m-words#@nas1991m#2420.197#2420.556
239	весьма	весьма	ADV	_	Degree=Pos	240	advmod	_	@nas1991m-words#@nas1991m#2420.556#2420.915
240	так	так	ADV	_	Degree=Pos	256	advmod	_	@nas1991m-words#@nas1991m#2420.915#2421.274
241	себе	себя	PRON	_	Case=Dat	240	obl	_	@nas1991m-words#@nas1991m#2421.274#2421.633
242	поэтому	поэтому	ADV	_	Degree=Pos	256	advmod	_	@nas1991m-words#@nas1991m#2421.633#2421.992
243	у	у	ADP	_	_	244	case	_	@nas1991m-words#@nas1991m#2421.992#2422.351
244	нас	мы	PRON	_	Case=Gen|Number=Plur|Person=1	256	obl	_	@nas1991m-words#@nas1991m#2422.351#2422.71
245	/	/	PUNCT	_	_	244	punct	_	@nas1991m-words#@nas1991m#2422.71
246	прекрасные	прекрасный	ADJ	_	Case=Nom|Degree=Pos|Number=Plur	247	amod	_	@nas1991m-words#@nas1991m#2423.069#2423.428
247	отношения	отношение	NOUN	_	Animacy=Inan|Case=Nom|Gender=Neut|Number=Plur	256	nsubj	_	@nas1991m-words#@nas1991m#2423.428#2423.787
248	за	за	ADP	_	_	249	case	_	@nas1991m-words#@nas1991m#2423.787#2424.146
249	исклучением	исклучение	NOUN	_	Animacy=Inan|Case=Ins|Gender=Neut|Number=Sing	247	nmod	_	@nas1991m-words#@nas1991m#2424.146#2424.505
250	ну	ну	PART	_	_	255	discourse	_	@nas1991m-words#@nas1991m#2424.505#2424.864
251	как	как	SCONJ	_	_	255	mark	_	@nas1991m-words#@nas1991m#2424.864#2425.223
252	и	и	PART	_	_	255	advmod	_	@nas1991m-words#@nas1991m#2425.223#2425.582
253	у	у	ADP	_	_	255	case	_	@nas1991m-words#@nas1991m#2425.582#2425.941
254	многих	многий	DET	_	Case=Gen|Number=Plur	255	amod	_	@nas1991m-words#@nas1991m#2425.941#2426.3
255	людей	человек	NOUN	_	Animacy=Anim|Case=Gen|Gender=Masc|Number=Plur	249	nmod	_	@nas1991m-words#@nas1991m#2426.3
256	есть	быть	VERB	_	Aspect=Imp|Mood=Ind|Number=Plur|Person=3|Tense=Pres|VerbForm=Fin|Voice=Act	237	conj	_	@nas1991m-words#@nas1991m#2426.659#2427.018
257	сложности	сложность	NOUN	_	Animacy=Inan|Case=Nom|Gender=Fem|Number=Plur	256	nsubj	_	@nas1991m-words#@nas1991m#2427.018#2427.377
258	и	и	CCONJ	_	_	268	cc	_	@nas1991m-words#@nas1991m#2427.377#2427.736
259	так	так	ADV	_	Degree=Pos	258	fixed	_	@nas1991m-words#@nas1991m#2427.736#2428.095
260	далее	далее	ADV	_	Degree=Pos	258	fixed	_	@nas1991m-words#@nas1991m#2428.095#2428.454
261	но	но	CCONJ	_	_	268	cc	_	@nas1991m-words#@nas1991m#2428.454#2428.813
262	/	/	PUNCT	_	_	268	punct	_	@nas1991m-words#@nas1991m#2428.813#2429.172
263	именно	именно	PART	_	_	264	advmod	_	@nas1991m-words#@nas1991m#2429.172#2429.531
264	этот	этот	DET	_	Case=Nom|Gender=Masc|Number=Sing	265	det	_	@nas1991m-words#@nas1991m#2429.531#2429.89
265	аспект	аспект	NOUN	_	Animacy=Inan|Case=Nom|Gender=Masc|Number=Sing	268	nsubj	_	@nas1991m-words#@nas1991m#2429.89
266	её	она	PRON	_	Case=Acc|Gender=Fem|Number=Sing|Person=3	268	obl	_	@nas1991m-words#@nas1991m#2430.249#2430.608
267	не	не	PART	_	_	268	advmod	_	@nas1991m-words#@nas1991m#2430.608#2430.967
268	смущает	смущать	VERB	_	Aspect=Imp|Mood=Ind|Number=Sing|Person=3|Tense=Pres|VerbForm=Fin|Voice=Act	256	conj	_	@nas1991m-words#@nas1991m#2430.967#2431.34
269	даже	даже	PART	_	_	271	advmod	_	@nas1991m-words#@nas1991m#2432.31
270	не	не	PART	_	_	271	advmod	_	@nas1991m-words#@nas1991m#2432.583#2432.856
271	было	быть	VERB	_	Aspect=Imp|Gender=Neut|Mood=Ind|Number=Sing|Tense=Past|VerbForm=Fin|Voice=Act	268	advcl	_	@nas1991m-words#@nas1991m#2432.856#2433.129
272	моментов	момент	NOUN	_	Animacy=Inan|Case=Gen|Gender=Masc|Number=Plur	271	obl	_	@nas1991m-words#@nas1991m#2433.129#2433.402
273	ты	ты	PRON	_	Case=Nom|Number=Sing|Person=2	272	nmod	_	@nas1991m-words#@nas1991m#2433.402#2433.675
274	/	/	PUNCT	_	_	273	punct	_	@nas1991m-words#@nas1991m#2433.675#2433.948
275	следующий	следующий	ADJ	_	Case=Acc|Degree=Pos|Gender=Masc|Number=Sing	276	amod	_	@nas1991m-words#@nas1991m#2433.948#2434.221
276	вопрос	вопрос	NOUN	_	Animacy=Inan|Case=Acc|Gender=Masc|Number=Sing	290	nsubj	_	@nas1991m-words#@nas1991m#2434.221#2434.494
277	уже	уже	ADV	_	Degree=Pos	278	advmod	_	@nas1991m-words#@nas1991m#2434.494#2434.767
278	подразумеваешь	подразумевать	VERB	_	Aspect=Imp|Mood=Ind|Number=Sing|Person=2|Tense=Pres|VerbForm=Fin|Voice=Act	292	acl	_	@nas1991m-words#@nas1991m#2434.767#2435.04
279	что	что	SCONJ	_	_	278	obj	_	@nas1991m-words#@nas1991m#2435.04
280	были	быть	VERB	_	Aspect=Imp|Mood=Ind|Number=Plur|Tense=Past|VerbForm=Fin|Voice=Act	290	cop	_	@nas1991m-words#@nas1991m#2435.313#2435.586
281	ли	ли	PART	_	_	290	advmod	_	@nas1991m-words#@nas1991m#2435.586#2435.859
282	моменты	момент	NOUN	_	Animacy=Inan|Case=Nom|Gender=Masc|Number=Plur	290	nsubj	_	@nas1991m-words#@nas1991m#2435.859#2436.132
283	когда	когда	SCONJ	_	_	285	mark	_	@nas1991m-words#@nas1991m#2436.132#2436.405
284	она	она	PRON	_	Case=Nom|Gender=Fem|Number=Sing|Person=3	285	nsubj	_	@nas1991m-words#@nas1991m#2436.405#2436.678
285	говорит	говорить	VERB	_	Aspect=Imp|Mood=Ind|Number=Sing|Person=3|Tense=Pres|VerbForm=Fin|Voice=Act	290	advcl	_	@nas1991m-words#@nas1991m#2436.678#2436.951
286	эту	этот	DET	_	Case=Acc|Gender=Fem|Number=Sing	287	det	_	@nas1991m-words#@nas1991m#2436.951#2437.224
287	шутку	шутка	NOUN	_	Animacy=Inan|Case=Acc|Gender=Fem|Number=Sing	285	obj	_	@nas1991m-words#@nas1991m#2437.224#2437.497
288	убери	убрать	VERB	_	Animacy=Anim|Case=Gen|Gender=Fem|Number=Sing	287	nmod	_	@nas1991m-words#@nas1991m#2437.497#2437.77
289	/	/	PUNCT	_	_	285	punct	_	@nas1991m-words#@nas1991m#2437.77
290	нет	нет	PART	_	_	271	conj	_	@nas1991m-words#@nas1991m#2438.043#2438.33
291	шикарная	шикарный	ADJ	_	Case=Nom|Degree=Pos|Gender=Fem|Number=Sing	292	amod	_	@nas1991m-words#@nas1991m#2438.96
292	женщина	женщина	NOUN	_	Animacy=Anim|Case=Nom|Gender=Fem|Number=Sing	296	nsubj	_	@nas1991m-words#@nas1991m#2439.35
293	потому	потому	ADV	_	Degree=Pos	296	mark	_	@nas1991m-words#@nas1991m#2439.74
294	что	что	SCONJ	_	_	293	fixed	_	@nas1991m-words#@nas1991m#2440.13
295	не	не	PART	_	_	296	advmod	_	@nas1991m-words#@nas1991m#2441.12
296	знаю	знать	VERB	_	Aspect=Imp|Mood=Ind|Number=Sing|Person=1|Tense=Pres|VerbForm=Fin|Voice=Act	290	advcl	_	@nas1991m-words#@nas1991m#2441.54
297	не	не	PART	_	_	298	advmod	_	@nas1991m-words#@nas1991m#2441.96
298	знаю	знать	VERB	_	Aspect=Imp|Mood=Ind|Number=Sing|Person=1|Tense=Pres|VerbForm=Fin|Voice=Act	296	xcomp	_	@nas1991m-words#@nas1991m#2442.38
299	я	я	PRON	_	Case=Nom|Number=Sing|Person=1	300	nsubj	_	@nas1991m-words#@nas1991m#2442.8
300	думаю	думать	VERB	_	Aspect=Imp|Mood=Ind|Number=Sing|Person=1|Tense=Pres|VerbForm=Fin|Voice=Act	296	conj	_	@nas1991m-words#@nas1991m#2443.22
301	впервоочередно	впервоочередно	ADV	_	Degree=Pos	300	advmod	_	@nas1991m-words#@nas1991m#2443.64
302	это	это	PRON	_	Animacy=Inan|Case=Nom|Gender=Neut|Number=Sing	307	nsubj	_	@nas1991m-words#@nas1991m#2444.06
303	потому	потому	ADV	_	Degree=Pos	307	mark	_	@nas1991m-words#@nas1991m#2444.48
304	что	что	SCONJ	_	_	303	fixed	_	@nas1991m-words#@nas1991m#2444.9
305	она	она	PRON	_	Case=Nom|Gender=Fem|Number=Sing|Person=3	307	nsubj	_	@nas1991m-words#@nas1991m#2445.32
306	меня	я	PRON	_	Case=Acc|Number=Sing|Person=1	307	obj	_	@nas1991m-words#@nas1991m#2445.74
307	любит	любить	VERB	_	Aspect=Imp|Mood=Ind|Number=Sing|Person=3|Tense=Pres|VerbForm=Fin|Voice=Act	300	advcl	_	@nas1991m-words#@nas1991m#2446.16
308	#смех#	#смех#	X	_	_	307	obl	_	@nas1991m-words#@nas1991m#2446.58
309	и	и	CCONJ	_	_	311	cc	_	@nas1991m-words#@nas1991m#2447.0
310	она	она	PRON	_	Case=Nom|Gender=Fem|Number=Sing|Person=3	311	nsubj	_	@nas1991m-words#@nas1991m#2447.42
311	понимает	понимать	VERB	_	Aspect=Imp|Mood=Ind|Number=Sing|Person=3|Tense=Pres|VerbForm=Fin|Voice=Act	307	conj	_	@nas1991m-words#@nas1991m#2447.84
312	что	что	PRON	_	Case=Acc	311	obj	_	@nas1991m-words#@nas1991m#2448.26
313	/	/	PUNCT	_	_	319	punct	_	@nas1991m-words#@nas1991m#2448.68
314	и	и	CCONJ	_	_	319	cc	_	@nas1991m-words#@nas1991m#2449.1
315	/	/	PUNCT	_	_	319	punct	_	@nas1991m-words#@nas1991m#2449.52
316	ну	ну	PART	_	_	319	parataxis	_	@nas1991m-words#@nas1991m#2449.94
317	я	я	PRON	_	Case=Nom|Number=Sing|Person=1	319	nsubj	_	@nas1991m-words#@nas1991m#2450.36
318	её	она	PRON	_	Case=Acc|Gender=Fem|Number=Sing|Person=3	319	obl	_	@nas1991m-words#@nas1991m#2450.78
319	люблю	любить	VERB	_	Aspect=Imp|Mood=Ind|Number=Sing|Person=1|Tense=Pres|VerbForm=Fin|Voice=Act	311	conj	_	@nas1991m-words#@nas1991m#2451.2
320	просто	просто	PART	_	_	319	advmod	_	@nas1991m-words#@nas1991m#2451.62
321	/	/	PUNCT	_	_	324	punct	_	@nas1991m-words#@nas1991m#2452.04
322	иногда	иногда	ADV	_	Degree=Pos	324	advmod	_	@nas1991m-words#@nas1991m#2452.46
323	я	я	PRON	_	Case=Nom|Number=Sing|Person=1	324	nsubj	_	@nas1991m-words#@nas1991m#2452.88
324	утрирую	утрировать	VERB	_	Aspect=Imp|Mood=Ind|Number=Sing|Person=1|Tense=Pres|VerbForm=Fin|Voice=Act	319	ccomp	_	@nas1991m-words#@nas1991m#2453.3
325	её	она	DER	_	Case=Acc|Gender=Fem|Number=Sing	324	obj	_	@nas1991m-words#@nas1991m#2453.72
326	/	/	PUNCT	_	_	328	punct	_	@nas1991m-words#@nas1991m#2454.14
327	какие-то	какой-то	DET	_	Case=Acc|Number=Plur	328	det	_	@nas1991m-words#@nas1991m#2454.56
328	минусы	минус	NOUN	_	Animacy=Inan|Case=Acc|Gender=Masc|Number=Plur	324	obl	_	@nas1991m-words#@nas1991m#2454.98
329	/	/	PUNCT	_	_	328	punct	_	@nas1991m-words#@nas1991m#2455.4
330	утрирую	утрировать	VERB	_	Aspect=Imp|Mood=Ind|Number=Sing|Person=1|Tense=Pres|VerbForm=Fin|Voice=Act	324	conj	_	@nas1991m-words#@nas1991m#2455.82
331	а	а	CCONJ	_	_	334	cc	_	@nas1991m-words#@nas1991m#2457.04
332	иногда	иногда	ADV	_	Degree=Pos	334	advmod	_	@nas1991m-words#@nas1991m#2457.355#2457.67
333	не	не	PART	_	_	334	advmod	_	@nas1991m-words#@nas1991m#2457.67
334	утрирую	утрировать	VERB	_	Aspect=Imp|Mood=Ind|Number=Sing|Person=1|Tense=Pres|VerbForm=Fin|Voice=Act	330	conj	_	@nas1991m-words#@nas1991m#2457.985#2458.3
335	иногда	иногда	ADV	_	Degree=Pos	334	advmod	_	@nas1991m-words#@nas1991m#2459.15
336	она	она	PRON	_	Case=Nom|Gender=Fem|Number=Sing|Person=3	334	nsubj	_	@nas1991m-words#@nas1991m#2459.582#2460.014
337	ну	ну	PART	_	_	339	discourse	_	@nas1991m-words#@nas1991m#2460.014#2460.446
338	реально	реально	ADV	_	Degree=Pos	339	advmod	_	@nas1991m-words#@nas1991m#2460.446#2460.88
339	ээ	ээ	INTJ	_	_	334	advmod	_	@nas1991m-words#@nas1991m#2461.59
340	/	/	PUNCT	_	_	341	punct	_	@nas1991m-words#@nas1991m#2462.057#2462.524
341	удивляет	удивлять	VERB	_	Aspect=Imp|Mood=Ind|Number=Sing|Person=3|Tense=Pres|VerbForm=Fin|Voice=Act	334	conj	_	@nas1991m-words#@nas1991m#2462.524#2462.991
342	меня	я	PRON	_	Case=Acc|Number=Sing|Person=1	341	obj	_	@nas1991m-words#@nas1991m#2462.991#2463.458
343	своим...	свой	DET	_	Case=Ins|Number=Sing	341	obl	_	@nas1991m-words#@nas1991m#2463.458#2463.925
344	/	/	PUNCT	_	_	347	punct	_	@nas1991m-words#@nas1991m#2463.925#2464.392
345	своими	свой	DET	_	Case=Ins|Gender=Masc|Number=Plur	347	det	_	@nas1991m-words#@nas1991m#2464.392#2464.859
346	какими-то	какой-то	DET	_	Case=Ins|Number=Plur	347	det	_	@nas1991m-words#@nas1991m#2464.859#2465.326
347	вопросами	вопрос	NOUN	_	Animacy=Inan|Case=Ins|Gender=Masc|Number=Plur	374	obl	_	@nas1991m-words#@nas1991m#2465.326#2465.793
348	или	или	CCONJ	_	_	349	cc	_	@nas1991m-words#@nas1991m#2465.793#2466.26
349	фразами	фраза	NOUN	_	Animacy=Inan|Case=Ins|Gender=Fem|Number=Plur	347	conj	_	@nas1991m-words#@nas1991m#2466.26
350	/	/	PUNCT	_	_	352	punct	_	@nas1991m-words#@nas1991m#2466.727#2467.194
351	или	или	CCONJ	_	_	352	cc	_	@nas1991m-words#@nas1991m#2467.194#2467.661
352	поступками	поступок	NOUN	_	Animacy=Inan|Case=Ins|Gender=Masc|Number=Plur	349	conj	_	@nas1991m-words#@nas1991m#2467.661#2468.14
353	когда	когда	SCONJ	_	_	355	mark	_	@nas1991m-words#@nas1991m#2468.9
354	я	я	PRON	_	Case=Nom|Number=Sing|Person=1	355	nsubj	_	@nas1991m-words#@nas1991m#2469.263#2469.626
355	говорил	говорить	VERB	_	Aspect=Imp|Gender=Masc|Mood=Ind|Number=Sing|Tense=Past|VerbForm=Fin|Voice=Act	359	advcl	_	@nas1991m-words#@nas1991m#2469.626#2469.989
356	что	что	SCONJ	_	_	359	mark	_	@nas1991m-words#@nas1991m#2469.989#2470.352
357	она	она	PRON	_	Case=Nom|Gender=Fem|Number=Sing|Person=3	359	nsubj	_	@nas1991m-words#@nas1991m#2470.352#2470.715
358	/	/	PUNCT	_	_	357	punct	_	@nas1991m-words#@nas1991m#2470.715#2471.078
359	подожгла	подожчь	VERB	_	Aspect=Perf|Gender=Fem|Mood=Ind|Number=Sing|Tense=Past|VerbForm=Fin|Voice=Act	374	advcl	_	@nas1991m-words#@nas1991m#2471.078#2471.441
360	матрас	матрас	NOUN	_	Animacy=Inan|Case=Acc|Gender=Masc|Number=Sing	359	obj	_	@nas1991m-words#@nas1991m#2471.441#2471.804
361	/	/	PUNCT	_	_	365	punct	_	@nas1991m-words#@nas1991m#2471.804#2472.167
362	феном	фен	NOUN	_	Animacy=Inan|Case=Ins|Gender=Masc|Number=Sing	365	amod	_	@nas1991m-words#@nas1991m#2472.167#2472.53
363	это	это	PRON	_	Animacy=Inan|Case=Nom|Gender=Neut|Number=Sing	365	nsubj	_	@nas1991m-words#@nas1991m#2473.13
364	не	не	PART	_	_	365	advmod	_	@nas1991m-words#@nas1991m#2473.54
365	выдумка	выдумка	NOUN	_	Animacy=Inan|Case=Nom|Gender=Fem|Number=Sing	360	appos	_	@nas1991m-words#@nas1991m#2473.95
366	подожгла	подожчь	VERB	_	Aspect=Perf|Gender=Fem|Mood=Ind|Number=Sing|Tense=Past|VerbForm=Fin|Voice=Act	374	advcl	_	@nas1991m-words#@nas1991m#2475.73
367	матрас	матрас	NOUN	_	Animacy=Inan|Case=Acc|Gender=Masc|Number=Sing	366	obj	_	@nas1991m-words#@nas1991m#2476.295#2476.86
368	вся	весь	DET	_	Case=Nom|Gender=Fem|Number=Sing	369	det	_	@nas1991m-words#@nas1991m#2477.42
369	квартира	квартира	NOUN	_	Animacy=Inan|Case=Nom|Gender=Fem|Number=Sing	374	obj	_	@nas1991m-words#@nas1991m#2477.8
370	в	в	ADP	_	_	371	case	_	@nas1991m-words#@nas1991m#2478.18
371	дыму	дым	NOUN	_	Animacy=Inan|Case=Loc|Gender=Masc|Number=Sing	374	obl	_	@nas1991m-words#@nas1991m#2478.56
372	она	она	PRON	_	Case=Nom|Gender=Fem|Number=Sing|Person=3	374	nsubj	_	@nas1991m-words#@nas1991m#2479.45
373	мне	я	PRON	_	Case=Dat|Number=Sing|Person=1	374	iobj	_	@nas1991m-words#@nas1991m#2479.751#2480.052
374	звонит	звонить	VERB	_	Aspect=Imp|Mood=Ind|Number=Sing|Person=3|Tense=Pres|VerbForm=Fin|Voice=Act	343	acl	_	@nas1991m-words#@nas1991m#2480.052#2480.353
375	/	/	PUNCT	_	_	377	punct	_	@nas1991m-words#@nas1991m#2480.353#2480.654
376	первое	первый	ADJ	_	Case=Nom|Degree=Pos|Gender=Neut|Number=Sing	377	amod	_	@nas1991m-words#@nas1991m#2480.654#2480.955
377	апреля	апрель	NOUN	_	Animacy=Inan|Case=Gen|Gender=Masc|Number=Sing	374	obl	_	@nas1991m-words#@nas1991m#2480.955#2481.256
378	/	/	PUNCT	_	_	381	punct	_	@nas1991m-words#@nas1991m#2481.256#2481.557
379	она	она	PRON	_	Case=Nom|Gender=Fem|Number=Sing|Person=3	381	nsubj	_	@nas1991m-words#@nas1991m#2481.557#2481.858
380	мне	я	PRON	_	Case=Dat|Number=Sing|Person=1	381	iobj	_	@nas1991m-words#@nas1991m#2481.858#2482.159
381	звонит	звонить	VERB	_	Aspect=Perf|Mood=Ind|Number=Sing|Person=3|Tense=Pres|VerbForm=Fin|Voice=Act	374	conj	_	@nas1991m-words#@nas1991m#2482.159#2482.46
382	и	и	CCONJ	_	_	383	cc	_	@nas1991m-words#@nas1991m#2482.46
383	говорит	говорить	VERB	_	Aspect=Imp|Mood=Ind|Number=Sing|Person=3|Tense=Pres|VerbForm=Fin|Voice=Act	374	conj	_	@nas1991m-words#@nas1991m#2482.761#2483.062
384	у	у	ADP	_	_	385	case	_	@nas1991m-words#@nas1991m#2483.062#2483.363
385	нас	мы	PRON	_	Case=Gen|Number=Plur|Person=1	383	obl	_	@nas1991m-words#@nas1991m#2483.363#2483.664
386	матрас	матрас	NOUN	_	Animacy=Inan|Case=Nom|Gender=Masc|Number=Sing	383	nsubj	_	@nas1991m-words#@nas1991m#2483.664#2483.965
387	горит	гореть	VERB	_	Aspect=Imp|Mood=Ind|Number=Sing|Person=3|Tense=Pres|VerbForm=Fin|Voice=Act	383	conj	_	@nas1991m-words#@nas1991m#2483.965#2484.266
388	дома	дома	ADV	_	Degree=Pos	387	advmod	_	@nas1991m-words#@nas1991m#2484.266#2484.567
389	я	я	PRON	_	Case=Nom|Number=Sing|Person=1	387	nsubj	_	@nas1991m-words#@nas1991m#2484.567#2484.868
390	говорю	говорить	VERB	_	Aspect=Imp|Mood=Ind|Number=Sing|Person=1|Tense=Pres|VerbForm=Fin|Voice=Act	387	ccomp	_	@nas1991m-words#@nas1991m#2484.868#2485.169
391	/	/	PUNCT	_	_	392	punct	_	@nas1991m-words#@nas1991m#2485.169#2485.47
392	спасибо	спасибо	PART	_	_	390	nsubj	_	@nas1991m-words#@nas1991m#2485.47
393	большое	большой	ADJ	_	Case=Nom|Degree=Pos|Gender=Neut|Number=Sing	392	amod	_	@nas1991m-words#@nas1991m#2485.771#2486.072
394	пока	пока	PART	_	_	396	mark	_	@nas1991m-words#@nas1991m#2486.072#2486.373
395	я	я	PRON	_	Case=Nom|Number=Sing|Person=1	396	nsubj	_	@nas1991m-words#@nas1991m#2486.373#2486.674
396	работаю	работать	VERB	_	Aspect=Imp|Mood=Ind|Number=Sing|Person=1|Tense=Pres|VerbForm=Fin|Voice=Act	390	ccomp	_	@nas1991m-words#@nas1991m#2486.674#2486.975
397	/	/	PUNCT	_	_	400	punct	_	@nas1991m-words#@nas1991m#2486.975#2487.276
398	даже	даже	PART	_	_	400	advmod	_	@nas1991m-words#@nas1991m#2487.276#2487.577
399	не	не	PART	_	_	400	advmod	_	@nas1991m-words#@nas1991m#2487.577#2487.878
400	обратил	обратить	VERB	_	Aspect=Perf|Gender=Masc|Mood=Ind|Number=Sing|Tense=Past|VerbForm=Fin|Voice=Act	390	conj	_	@nas1991m-words#@nas1991m#2487.878#2488.179
401	внимание	внимание	NOUN	_	Animacy=Inan|Case=Acc|Gender=Neut|Number=Sing	400	obj	_	@nas1991m-words#@nas1991m#2488.179#2488.5
402	она	она	PRON	_	Case=Nom|Gender=Fem|Number=Sing|Person=3	403	nsubj	_	@nas1991m-words#@nas1991m#2489.06
403	говорит	говорить	VERB	_	Aspect=Imp|Mood=Ind|Number=Sing|Person=3|Tense=Pres|VerbForm=Fin|Voice=Act	406	parataxis	_	@nas1991m-words#@nas1991m#2489.341#2489.622
404	/	/	PUNCT	_	_	403	punct	_	@nas1991m-words#@nas1991m#2489.622#2489.903
405	не	не	PART	_	_	406	advmod	_	@nas1991m-words#@nas1991m#2489.903#2490.184
406	он	он	PRON	_	Case=Nom|Gender=Masc|Number=Sing|Person=3	400	nsubj	_	@nas1991m-words#@nas1991m#2490.184#2490.465
407	реально	реально	ADV	_	Degree=Pos	400	advmod	_	@nas1991m-words#@nas1991m#2490.465#2490.746
408	/	/	PUNCT	_	_	409	punct	_	@nas1991m-words#@nas1991m#2490.746#2491.027
409	дома	дом	ADV	_	Degree=Pos	407	conj	_	@nas1991m-words#@nas1991m#2491.027#2491.308
410	/	/	PUNCT	_	_	409	punct	_	@nas1991m-words#@nas1991m#2491.308#2491.589
411	пожар	пожар	NOUN	_	Animacy=Inan|Case=Nom|Gender=Masc|Number=Sing	413	nsubj	_	@nas1991m-words#@nas1991m#2491.589#2491.87
412	она	она	PRON	_	Case=Nom|Gender=Fem|Number=Sing|Person=3	413	nsubj	_	@nas1991m-words#@nas1991m#2493.81
413	решила	решить	VERB	_	Aspect=Perf|Gender=Fem|Mood=Ind|Number=Sing|Tense=Past|VerbForm=Fin|Voice=Act	400	ccomp	_	@nas1991m-words#@nas1991m#2494.173#2494.536
414	/	/	PUNCT	_	_	415	punct	_	@nas1991m-words#@nas1991m#2494.536#2494.899
415	пролила	пролить	VERB	_	Aspect=Perf|Gender=Fem|Mood=Ind|Number=Sing|Tense=Past|VerbForm=Fin|Voice=Act	413	conj	_	@nas1991m-words#@nas1991m#2494.899#2495.262
416	чай	чай	NOUN	_	Animacy=Inan|Case=Acc|Gender=Masc|Number=Sing	415	obj	_	@nas1991m-words#@nas1991m#2495.262#2495.625
417	/	/	PUNCT	_	_	415	punct	_	@nas1991m-words#@nas1991m#2495.625#2495.988
418	и	и	CCONJ	_	_	419	cc	_	@nas1991m-words#@nas1991m#2495.988#2496.351
419	решила	решить	VERB	_	Aspect=Perf|Gender=Fem|Mood=Ind|Number=Sing|Tense=Past|VerbForm=Fin|Voice=Act	413	conj	_	@nas1991m-words#@nas1991m#2496.351#2496.714
420	феном	фен	NOUN	_	Animacy=Inan|Case=Inst|Gender=Masc|Number=Sing	419	obj	_	@nas1991m-words#@nas1991m#2496.714#2497.077
421	высушить	высушить	VERB	_	Aspect=Perf|VerbForm=Inf|Voice=Act	420	obl	_	@nas1991m-words#@nas1991m#2497.077#2497.44
422	матрас	матрас	NOUN	_	Animacy=Inan|Case=Acc|Gender=Masc|Number=Sing	421	obj	_	@nas1991m-words#@nas1991m#2497.44
423	и	и	CCONJ	_	_	425	cc	_	@nas1991m-words#@nas1991m#2497.803#2498.166
424	такая	такой	DET	_	Case=Nom|Gender=Fem|Number=Sing	425	nsubj	_	@nas1991m-words#@nas1991m#2498.166#2498.529
425	думает	думать	VERB	_	Aspect=Imp|Mood=Ind|Number=Sing|Person=3|Tense=Pres|VerbForm=Fin|Voice=Act	413	conj	_	@nas1991m-words#@nas1991m#2498.529#2498.892
426	что-то	что-то	PART	_	_	425	obj	_	@nas1991m-words#@nas1991m#2498.892#2499.255
427	как-то	как-то	ADV	_	Degree=Pos	428	advmod	_	@nas1991m-words#@nas1991m#2499.255#2499.618
428	плохо	плохо	ADV	_	Degree=Pos	431	advmod	_	@nas1991m-words#@nas1991m#2499.618#2499.981
429	и	и	CCONJ	_	_	430	cc	_	@nas1991m-words#@nas1991m#2499.981#2500.344
430	/	/	PUNCT	_	_	428	conj	_	@nas1991m-words#@nas1991m#2500.344#2500.707
431	нажала	нажать	VERB	_	Aspect=Perf|Gender=Fem|Mood=Ind|Number=Sing|Tense=Past|VerbForm=Fin|Voice=Act	425	advmod	_	@nas1991m-words#@nas1991m#2500.707#2501.07
432	фен	фен	NOUN	_	Animacy=Inan|Case=Acc|Gender=Masc|Number=Sing	431	nsubj	_	@nas1991m-words#@nas1991m#2501.07
433	на	на	ADP	_	_	434	case	_	@nas1991m-words#@nas1991m#2501.433#2501.796
434	матрас	матрас	NOUN	_	Animacy=Inan|Case=Acc|Gender=Masc|Number=Sing	431	obl	_	@nas1991m-words#@nas1991m#2501.796#2502.18
435	и	и	CCONJ	_	_	439	cc	_	@nas1991m-words#@nas1991m#2502.9
436	вот	вот	PART	_	_	437	advmod	_	@nas1991m-words#@nas1991m#2503.187#2503.474
437	так	так	ADV	_	Degree=Pos	439	advmod	_	@nas1991m-words#@nas1991m#2503.474#2503.761
438	вот	вот	PART	_	_	439	advmod	_	@nas1991m-words#@nas1991m#2503.761#2504.048
439	херачила	херачить	VERB	_	Aspect=Imp|Gender=Fem|Mood=Ind|Number=Sing|Tense=Past|VerbForm=Fin|Voice=Act	431	conj	_	@nas1991m-words#@nas1991m#2504.048#2504.335
440	/	/	PUNCT	_	_	445	punct	_	@nas1991m-words#@nas1991m#2504.335#2504.622
441	что	что	SCONJ	_	_	445	mark	_	@nas1991m-words#@nas1991m#2504.622#2504.909
442	внутри	внутри	ADV	_	Degree=Pos	445	advmod	_	@nas1991m-words#@nas1991m#2504.909#2505.2
443	что	что	PRON	_	Case=Nom	442	fixed	_	@nas1991m-words#@nas1991m#2505.87
444	там	там	ADV	_	Degree=Pos	445	advmod	_	@nas1991m-words#@nas1991m#2506.139#2506.408
445	находится	находиться	VERB	_	Aspect=Perf|Mood=Ind|Number=Sing|Tense=PКУЫ|VerbForm=Fin|Voice=Act	439	ccomp	_	@nas1991m-words#@nas1991m#2506.408#2506.677
446	/	/	PUNCT	_	_	447	punct	_	@nas1991m-words#@nas1991m#2506.677#2506.946
447	вата	вата	NOUN	_	Case=Nom|Gender=Fem|Number=Sing	445	conj	_	@nas1991m-words#@nas1991m#2506.946#2507.215
448	она	она	PRON	_	Case=Nom|Gender=Fem|Number=Sing|Person=3	447	nsubj	_	@nas1991m-words#@nas1991m#2507.215#2507.484
449	в...	в...	X	_	_	448	appos	_	@nas1991m-words#@nas1991m#2507.484#2507.753
450	/	/	PUNCT	_	_	449	punct	_	@nas1991m-words#@nas1991m#2507.753#2508.022
451	просто	просто	PART	_	_	452	advmod	_	@nas1991m-words#@nas1991m#2508.022#2508.291
452	начала	начать	VERB	_	Aspect=Perf|Gender=Fem|Mood=Ind|Number=Sing|Tense=Past|VerbForm=Fin|Voice=Act	447	cop	_	@nas1991m-words#@nas1991m#2508.291#2508.56
453	дыметь	дыметь	VERB	_	Aspect=Imp|VerbForm=Inf|Voice=Act	452	xcomp	_	@nas1991m-words#@nas1991m#2508.56
454	/	/	PUNCT	_	_	455	punct	_	@nas1991m-words#@nas1991m#2508.829#2509.098
455	тлеть	тлеть	VERB	_	Aspect=Imp|VerbForm=Inf|Voice=Act	453	xcomp	_	@nas1991m-words#@nas1991m#2509.098#2509.367
456	то	то	PART	_	_	455	obj	_	@nas1991m-words#@nas1991m#2509.367#2509.636
457	есть	быть	VERB		Aspect=Imp|Mood=Ind||Tense=Pres|VerbForm=Inf|Voice=Act				@nas1991m-words#@nas1991m#2509.367#2509.636
458	даже	даже	PART	_	_	458	advmod	_	@nas1991m-words#@nas1991m#2509.636#2509.905
459	не	не	PART	_	_	459	advmod	_	@nas1991m-words#@nas1991m#2509.905#2510.174
460	было	быть	VERB	_	Aspect=Imp|Gender=Neut|Mood=Ind|Number=Sing|Tense=Past|VerbForm=Fin|Voice=Act	455	conj	_	@nas1991m-words#@nas1991m#2510.174#2510.443
461	огня	огонь	NOUN	_	Animacy=Inan|Case=Gen|Gender=Masc|Number=Sing	462	nmod	_	@nas1991m-words#@nas1991m#2510.443#2510.712
462	просто	просто	PART	_	_	462	advmod	_	@nas1991m-words#@nas1991m#2510.712#2510.981
463	тлеть	тлеть	VERB	_	Aspect=Imp|VerbForm=Inf|Voice=Act	453	xcomp	_	@nas1991m-words#@nas1991m#2509.098#2509.367
464	/	/	PUNCT	_	_	464	punct	_	@nas1991m-words#@nas1991m#2511.25
465	идёт	идти	VERB	_	Aspect=Imp|Mood=Ind|Number=Sing|Person=3|Tense=Pres|VerbForm=Fin|Voice=Act	471	parataxis	_	@nas1991m-words#@nas1991m#2511.519#2511.788
466	дым	дым	NOUN	_	Animacy=Inan|Case=Nom|Gender=Masc|Number=Sing	471	nsubj	_	@nas1991m-words#@nas1991m#2511.788#2512.057
467	/	/	PUNCT	_	_	469	punct	_	@nas1991m-words#@nas1991m#2512.057#2512.326
468	она	она	PRON	_	Case=Nom|Gender=Fem|Number=Sing|Person=3	469	nsubj	_	@nas1991m-words#@nas1991m#2512.326#2512.595
469	не	не	PART	_	_	469	advmod	_	@nas1991m-words#@nas1991m#2512.595#2512.864
470	понимает	понимать	VERB	_	Aspect=Imp|Mood=Ind|Number=Sing|Person=3|Tense=Pres|VerbForm=Fin|Voice=Act	471	parataxis	_	@nas1991m-words#@nas1991m#2512.864#2513.133
471	чё	че	PRON	_	Animacy=Inan|Case=Acc|Gender=Neut|Number=Sing	469	obj	_	@nas1991m-words#@nas1991m#2513.133#2513.402
472	происходит	происходить	VERB	_	Aspect=Imp|Mood=Ind|Number=Sing|Person=3|Tense=Pres|VerbForm=Fin|Voice=Act	462	conj	_	@nas1991m-words#@nas1991m#2513.402#2513.671
473	звонит	звонить	VERB	_	Aspect=Imp|Mood=Ind|Number=Sing|Person=3|Tense=Pres|VerbForm=Fin|Voice=Act	471	parataxis	_	@nas1991m-words#@nas1991m#2513.671#2513.94
474	мне	я	PRON	_	Case=Dat|Number=Sing|Person=1	472	iobj	_	@nas1991m-words#@nas1991m#2513.94
475	/	/	PUNCT	_	_	477	punct	_	@nas1991m-words#@nas1991m#2514.209#2514.478
476	она	она	PRON	_	Case=Nom|Gender=Fem|Number=Sing|Person=3	477	nsubj	_	@nas1991m-words#@nas1991m#2514.478#2514.747
477	с	с	ADP	_	_	477	case	_	@nas1991m-words#@nas1991m#2514.747#2515.016
478	дочкой	дочка	NOUN	_	Animacy=Anim|Case=Ins|Gender=Fem|Number=Sing	472	obl	_	@nas1991m-words#@nas1991m#2515.016#2515.285
479	/	/	PUNCT	_	_	483	punct	_	@nas1991m-words#@nas1991m#2515.285#2515.554
480	я	я	PRON	_	Case=Nom|Number=Sing|Person=1	483	nsubj	_	@nas1991m-words#@nas1991m#2515.554#2515.823
481	я	я	PRON	_	Case=Nom|Number=Sing|Person=1	483	nsubj	_	@nas1991m-words#@nas1991m#2515.823#2516.092
482	у	у	ADP	_	_	482	case	_	@nas1991m-words#@nas1991m#2516.092#2516.361
483	меня	я	PRON	_	Case=Gen|Number=Sing|Person=1	483	obl	_	@nas1991m-words#@nas1991m#2516.361#2516.63
484	нет	нет	VERB	_	Aspect=Imp|Mood=Ind|Number=Sing|Person=3|Tense=Pres|VerbForm=Fin|Voice=Act	472	conj	_	@nas1991m-words#@nas1991m#2516.63
485	денег	деньги	NOUN	_	Animacy=Inan|Case=Gen|Number=Plur	479	nmod	_	@nas1991m-words#@nas1991m#2516.899#2517.168
486	на	на	ADP	_	_	486	case	_	@nas1991m-words#@nas1991m#2517.168#2517.437
487	такси	такси	NOUN	_	Animacy=Inan|Case=Acc|Gender=Neut|Number=Sing	484	nmod	_	@nas1991m-words#@nas1991m#2517.437#2517.706
488	а	а	CCONJ	_	_	490	cc	_	@nas1991m-words#@nas1991m#2517.706#2517.975
489	я	я	PRON	_	Case=Nom|Number=Sing|Person=1	490	nsubj	_	@nas1991m-words#@nas1991m#2517.975#2518.244
490	еще	еще	ADV	_	Degree=Pos	490	advmod	_	@nas1991m-words#@nas1991m#2518.244#2518.513
491	думаю	думать	VERB	_	Aspect=Imp|Mood=Ind|Number=Sing|Person=1|Tense=Pres|VerbForm=Fin|Voice=Act	509	parataxis	_	@nas1991m-words#@nas1991m#2518.513#2518.782
492	/	/	PUNCT	_	_	509	punct	_	@nas1991m-words#@nas1991m#2518.782#2519.051
493	на	на	ADP	_	_	493	case	_	@nas1991m-words#@nas1991m#2519.051#2519.32
494	такси	такси	NOUN	_	Animacy=Inan|Case=Loc|Gender=Fem|Number=Plur	494	obl	_	@nas1991m-words#@nas1991m#2519.32
495	ехать	ехать	VERB	_	Aspect=Imp|VerbForm=Inf|Voice=Act	509	advcl	_	@nas1991m-words#@nas1991m#2519.589#2519.858
496	или	или	CCONJ	_	_	497	cc	_	@nas1991m-words#@nas1991m#2519.858#2520.127
497	на	на	ADP	_	_	497	case	_	@nas1991m-words#@nas1991m#2520.127#2520.396
498	метро	метро	NOUN	_	Animacy=Inan|Case=Loc|Gender=Neut|Number=Sing	494	conj	_	@nas1991m-words#@nas1991m#2520.396#2520.665
499	ха	ха	INTJ	_	_	497	nmod	_	@nas1991m-words#@nas1991m#2520.665#2520.934
500	это	это	PART	_	_	509	discourse	_	@nas1991m-words#@nas1991m#2520.934#2521.203
501	еще	еще	ADV	_	Degree=Pos	509	advmod	_	@nas1991m-words#@nas1991m#2521.203#2521.472
502	момент	момент	NOUN	_	Animacy=Inan|Case=Nom|Gender=Masc|Number=Sing	509	nsubj	_	@nas1991m-words#@nas1991m#2521.472#2521.741
503	когда	когда	SCONJ	_	_	509	mark	_	@nas1991m-words#@nas1991m#2521.741#2522.01
504	/	/	PUNCT	_	_	504	punct	_	@nas1991m-words#@nas1991m#2522.01
505	ха	ха	INTJ	_	_	509	parataxis	_	@nas1991m-words#@nas1991m#2522.279#2522.548
506	я	я	PRON	_	Case=Nom|Number=Sing|Person=1	509	nsubj	_	@nas1991m-words#@nas1991m#2522.548#2522.817
507	так	так	ADV	_	Degree=Pos	507	advmod	_	@nas1991m-words#@nas1991m#2522.817#2523.086
508	настолько	настолько	ADV	_	Degree=Pos	509	advmod	_	@nas1991m-words#@nas1991m#2523.086#2523.355
509	я	я	PRON	_	Case=Nom|Number=Sing|Person=1	509	nsubj	_	@nas1991m-words#@nas1991m#2523.355#2523.624
510	говорю	говорить	VERB	_	Aspect=Imp|Mood=Ind|Number=Sing|Person=1|Tense=Pres|VerbForm=Fin|Voice=Act	472	conj	_	@nas1991m-words#@nas1991m#2523.624#2523.893
511	огонь	огонь	NOUN	_	Animacy=Inan|Case=Nom|Gender=Masc|Number=Sing	509	obj	_	@nas1991m-words#@nas1991m#2523.893#2524.162
512	есть	быть	VERB	_	Aspect=Imp|Mood=Ind|Number=Sing|Person=3|Tense=Pres|VerbForm=Fin|Voice=Act	507	fixed	_	@nas1991m-words#@nas1991m#2524.162#2524.431
513	?	?	PUNCT	_	_	511	punct	_	@nas1991m-words#@nas1991m#2524.431#2524.7
514	/	/	PUNCT	_	_	515	punct	_	@nas1991m-words#@nas1991m#2524.7
515	она	она	PRON	_	Case=Nom|Gender=Fem|Number=Sing|Person=3	515	nsubj	_	@nas1991m-words#@nas1991m#2524.969#2525.238
516	говорит	говорить	VERB	_	Aspect=Imp|Mood=Ind|Number=Sing|Person=3|Tense=Pres|VerbForm=Fin|Voice=Act	511	parataxis	_	@nas1991m-words#@nas1991m#2525.238#2525.507
517	нет	нет	PART	_	_	517	advmod	_	@nas1991m-words#@nas1991m#2525.507#2525.776
518	дым	дым	NOUN	_	Animacy=Inan|Case=Nom|Gender=Masc|Number=Sing	515	obl	_	@nas1991m-words#@nas1991m#2525.776#2526.045
519	/	/	PUNCT	_	_	520	punct	_	@nas1991m-words#@nas1991m#2526.045#2526.314
520	я	я	PRON	_	Case=Nom|Number=Sing|Person=1	520	nsubj	_	@nas1991m-words#@nas1991m#2526.314#2526.583
521	говорю	говорить	VERB	_	Aspect=Imp|Mood=Ind|Number=Sing|Person=1|Tense=Pres|VerbForm=Fin|Voice=Act	515	conj	_	@nas1991m-words#@nas1991m#2526.583#2526.852
522	я	я	PRON	_	Case=Nom|Number=Sing|Person=1	528	nsubj	_	@nas1991m-words#@nas1991m#2526.852#2527.121
523	на	на	ADP	_	_	523	case	_	@nas1991m-words#@nas1991m#2527.121#2527.39
524	метро	метро	NOUN	_	Animacy=Inan|Case=Loc|Gender=Neut|Number=Sing	528	obl	_	@nas1991m-words#@nas1991m#2527.39
525	бегу	бежать	VERB	_	Aspect=Imp|Mood=Ind|Number=Sing|Person=1|Tense=Pres|VerbForm=Fin|Voice=Act	523	nmod	_	@nas1991m-words#@nas1991m#2528.08
526	с	с	ADP	_	_	526	case	_	@nas1991m-words#@nas1991m#2528.34
527	метро	метро	NOUN	_	Animacy=Inan|Case=Loc|Gender=Neut|Number=Sing	524	nmod	_	@nas1991m-words#@nas1991m#2528.6
528	она	она	PRON	_	Case=Nom|Gender=Fem|Number=Sing|Person=3	528	nsubj	_	@nas1991m-words#@nas1991m#2528.86
529	идет	идти	VERB	_	Aspect=Imp|Mood=Ind|Number=Sing|Person=3|Tense=Pres|VerbForm=Fin|Voice=Act	520	ccomp	_	@nas1991m-words#@nas1991m#2529.12
530	навстречу	навстречу	ADV	_	Degree=Pos	537	advmod	_	@nas1991m-words#@nas1991m#2529.38
531	с	с	ADP	_	_	531	case	_	@nas1991m-words#@nas1991m#2529.64
532	дочкой	дочка	NOUN	_	Animacy=Inan|Case=Ins|Gender=Fem|Number=Sing	537	obl	_	@nas1991m-words#@nas1991m#2529.9
533	во	в	ADP	_	_	537	mark	_	@nas1991m-words#@nas1991m#2530.16
534	что	что	PRON	_	Case=Acc	532	fixed	_	@nas1991m-words#@nas1991m#2530.42
535	попало	попасть	VERB	_	Aspect=Perf|Gender=Neut|Mood=Ind|Number=Sing|Tense=Past|VerbForm=Fin|Voice=Act	532	fixed	_	@nas1991m-words
536	во	в	ADP	_	_	536	case	_	@nas1991m-words#@nas1991m#2530.94
537	что-то	что-то	PRON	_	Case=Acc	537	obl	_	@nas1991m-words#@nas1991m#2531.2
538	одеты	одеть	VERB	_	Aspect=Perf|Number=Plur|Tense=Past|Variant=Short|VerbForm=Part|Voice=Pass	528	conj	_	@nas1991m-words#@nas1991m#2531.46
539	как	как	SCONJ	_	_	541	mark	_	@nas1991m-words#@nas1991m#2531.72
540	бомжи	бомж	NOUN	_	Animacy=Anim|Case=Nom|Gender=Masc|Number=Plur	541	nsubj	_	@nas1991m-words#@nas1991m#2531.98
541	я	я	PRON	_	Case=Nom|Number=Sing|Person=1	541	nsubj	_	@nas1991m-words#@nas1991m#2532.24
542	говорю	говорить	VERB	_	Aspect=Imp|Mood=Ind|Number=Sing|Person=1|Tense=Pres|VerbForm=Fin|Voice=Act	537	advcl	_	@nas1991m-words#@nas1991m#2532.5
543	идите	идти	VERB	_	Aspect=Imp|Mood=Imp|Number=Plur|Person=2|VerbForm=Fin|Voice=Act	541	xcomp	_	@nas1991m-words#@nas1991m#2532.76
544	в	в	ADP	_	_	544	case	_	@nas1991m-words#@nas1991m#2533.02
545	с...	с...	X	_	_	542	obl	_	@nas1991m-words#@nas1991m#2533.28
546	в	в	ADP	_	_	546	case	_	@nas1991m-words#@nas1991m#2533.54
547	кафе	кафе	NOUN	_	Animacy=Inan|Case=Loc|Gender=Neut|Number=Sing	542	obl	_	@nas1991m-words#@nas1991m#2533.8
548	поднимаюсь	подниматься	VERB	_	Aspect=Imp|Mood=Ind|Number=Sing|Person=1|Tense=Pres|VerbForm=Fin|Voice=Mid	541	conj	_	@nas1991m-words#@nas1991m#2534.49
549	домой	домой	ADV	_	Degree=Pos	547	advmod	_	@nas1991m-words#@nas1991m#2535.035#2535.58
550	разрезаю	разрезать	VERB	_	Aspect=Imp|Mood=Ind|Number=Sing|Person=1|Tense=Pres|VerbForm=Fin|Voice=Act	547	xcomp	_	@nas1991m-words#@nas1991m#2536.51
551	этот	этот	DET	_	Case=Acc|Gender=Masc|Number=Sing	551	det	_	@nas1991m-words#@nas1991m#2536.882#2537.254
552	матрас	матрас	NOUN	_	Animacy=Inan|Case=Acc|Gender=Masc|Number=Sing	549	obj	_	@nas1991m-words#@nas1991m#2537.254#2537.626
553	меня	я	PRON	_	Case=Acc|Number=Sing|Person=1	556	nmod	_	@nas1991m-words#@nas1991m#2537.626#2537.998
554	вот	вот	PART	_	_	554	advmod	_	@nas1991m-words#@nas1991m#2537.998#2538.37
555	так	так	ADV	_	Degree=Pos	556	obl	_	@nas1991m-words#@nas1991m#2538.37
556	вот	вот	PART	_	_	554	advmod	_	@nas1991m-words#@nas1991m#2538.742#2539.114
557	дымом	дым	NOUN	_	Animacy=Inan|Case=Ins|Gender=Masc|Number=Sing	549	obl	_	@nas1991m-words#@nas1991m#2539.114#2539.486
558	/	/	PUNCT	_	_	561	punct	_	@nas1991m-words#@nas1991m#2539.486#2539.858
559	я	я	PRON	_	Case=Nom|Number=Sing|Person=1	561	nsubj	_	@nas1991m-words#@nas1991m#2539.858#2540.23
560	полотенце	полотенце	NOUN	_	Animacy=Inan|Case=Acc|Gender=Neut|Number=Sing	558	parataxis	_	@nas1991m-words#@nas1991m#2540.23
561	/	/	PUNCT	_	_	559	punct	_	@nas1991m-words#@nas1991m#2540.602#2540.974
562	беру	брать	VERB	_	Aspect=Imp|Mood=Ind|Number=Sing|Person=1|Tense=Pres|VerbForm=Fin|Voice=Act	556	acl:relcl	_	@nas1991m-words#@nas1991m#2540.974#2541.346
563	этот	этот	DET	_	Case=Acc|Gender=Masc|Number=Sing	563	det	_	@nas1991m-words#@nas1991m#2541.346#2541.718
564	матрас	матрас	NOUN	_	Animacy=Inan|Case=Acc|Gender=Masc|Number=Sing	561	obj	_	@nas1991m-words#@nas1991m#2541.718#2542.09
565	/	/	PUNCT	_	_	565	punct	_	@nas1991m-words#@nas1991m#2542.09
566	скидываю	скидывать	VERB	_	Aspect=Imp|Mood=Ind|Number=Sing|Person=1|Tense=Pres|VerbForm=Fin|Voice=Act	575	nsubj	_	@nas1991m-words#@nas1991m#2542.462#2542.834
567	в	в	ADP	_	_	568	case	_	@nas1991m-words#@nas1991m#2542.834#2543.206
568	/	/	PUNCT	_	_	568	punct	_	@nas1991m-words#@nas1991m#2543.206#2543.578
569	мусорку	мусорка	NOUN	_	Animacy=Inan|Case=Acc|Gender=Fem|Number=Sing	565	nmod	_	@nas1991m-words#@nas1991m#2543.578#2543.95
570	/	/	PUNCT	_	_	570	punct	_	@nas1991m-words#@nas1991m#2543.95
571	тащу	тащить	VERB	_	Aspect=Imp|Mood=Ind|Number=Sing|Person=1|Tense=Pres|VerbForm=Fin|Voice=Act	575	obl	_	@nas1991m-words#@nas1991m#2544.322#2544.694
572	его	он	DET	_	_	572	det	_	@nas1991m-words#@nas1991m#2544.694#2545.066
573	подъезду	подъезд	NOUN	_	Animacy=Inan|Case=Acc|Gender=Fem|Number=Sing	570	nmod	_	@nas1991m-words#@nas1991m#2545.066#2545.438
574	люди	человек	NOUN	_	Animacy=Anim|Case=Nom|Gender=Masc|Number=Plur	575	nsubj	_	@nas1991m-words#@nas1991m#2545.438#2545.81
575	не	не	PART	_	_	575	advmod	_	@nas1991m-words#@nas1991m#2545.81
576	понимают	понимать	VERB	_	Aspect=Imp|Mood=Ind|Number=Plur|Person=3|Tense=Pres|VerbForm=Fin|Voice=Act	561	conj	_	@nas1991m-words#@nas1991m#2546.182#2546.554
577	чё	че	PRON	_	Animacy=Inan|Case=Nom|Gender=Neut|Number=Sing	577	obj	_	@nas1991m-words#@nas1991m#2546.554#2546.926
578	происходит	происходить	VERB	_	Aspect=Imp|Mood=Ind|Number=Sing|Person=3|Tense=Pres|VerbForm=Fin|Voice=Act	575	xcomp	_	@nas1991m-words#@nas1991m#2546.926#2547.298
579	/	/	PUNCT	_	_	588	punct	_	@nas1991m-words#@nas1991m#2547.298#2547.67
580	потому	потому	ADV	_	Degree=Pos	588	mark	_	@nas1991m-words#@nas1991m#2547.67
581	что	что	SCONJ	_	_	579	fixed	_	@nas1991m-words#@nas1991m#2548.042#2548.414
582	нуу	ну	PART	_	_	588	advmod	_	@nas1991m-words#@nas1991m#2548.414#2548.786
583	такой	такой	DET	_	Case=Nom|Gender=Masc|Number=Sing	583	det	_	@nas1991m-words#@nas1991m#2548.786#2549.158
584	человек	человек	NOUN	_	Animacy=Anim|Case=Nom|Gender=Masc|Number=Sing	588	nsubj	_	@nas1991m-words#@nas1991m#2549.158#2549.53
585	не	не	PART	_	_	585	advmod	_	@nas1991m-words#@nas1991m#2549.53
586	все	все	DET	_	 Case=Nom|Number=Plur	588	nsubj	_	@nas1991m-words#@nas1991m#2549.902#2550.274
587	соседи	соседи	ADP	_	_	587	case	_	@nas1991m-words#@nas1991m#2550.274#2550.646
588	меня	я	PRON	_	Case=Acc|Number=Sing|Person=1	588	obl	_	@nas1991m-words#@nas1991m#2550.646#2551.018
589	знают	знать	VERB	_	Aspect=Imp|Mood=Ind|Number=Plur|Person=3|Tense=Pres|VerbForm=Fin|Voice=Act	577	advcl	_	@nas1991m-words#@nas1991m#2551.018#2551.42
590	а	а	CCONJ	_	_	591	cc	_	@nas1991m-words#@nas1991m#2552.14
591	кто-то	кто-то	PRON	_	Case=Nom	591	nsubj	_	@nas1991m-words#@nas1991m#2552.43
592	спросил	спросить	VERB	_	Aspect=Perf|Gender=Masc|Mood=Ind|Number=Sing|Tense=Past|VerbForm=Fin|Voice=Act	588	conj	_	@nas1991m-words#@nas1991m#2552.72
593	там	там	ADV	_	Degree=Pos	591	advmod	_	@nas1991m-words#@nas1991m#2553.01
594	вы	вы	PRON	_	Case=Nom|Number=Plur|Person=2	591	obl	_	@nas1991m-words#@nas1991m#2553.3
595	/	/	PUNCT	_	_	595	punct	_	@nas1991m-words#@nas1991m#2553.59
596	ы	ы	INTJ	_	_	593	appos	_	@nas1991m-words#@nas1991m#2553.88
597	что	что	PRON	_	Case=Nom	595	nmod	_	@nas1991m-words#@nas1991m#2554.17
598	/	/	PUNCT	_	_	601	punct	_	@nas1991m-words#@nas1991m#2554.46
599	куда	куда	ADV	_	Degree=Pos	601	advmod	_	@nas1991m-words#@nas1991m#2554.75
600	это	это	PRON	_	Animacy=Inan|Case=Acc|Gender=Neut|Number=Sing	601	nsubj	_	@nas1991m-words#@nas1991m#2555.04
601	/	/	PUNCT	_	_	599	punct	_	@nas1991m-words#@nas1991m#2555.33
602	вы	вы	PRON	_	Case=Nom|Number=Plur|Person=2	596	nsubj	_	@nas1991m-words#@nas1991m#2555.62
603	кто	кто	PRON	_	Case=Nom	609	nsubj	_	@nas1991m-words#@nas1991m#2555.91
604	/	/	PUNCT	_	_	607	punct	_	@nas1991m-words#@nas1991m#2556.2
605	во-первых	во-первых	ADV	_	Degree=Pos	607	parataxis	_	@nas1991m-words#@nas1991m#2556.49
606	/	/	PUNCT	_	_	604	punct	_	@nas1991m-words#@nas1991m#2556.78
607	я	я	PRON	_	Case=Nom|Number=Sing|Person=1	607	nsubj	_	@nas1991m-words#@nas1991m#2557.07
608	говорю	говорить	VERB	_	Aspect=Imp|Mood=Ind|Number=Sing|Person=1|Tense=Pres|VerbForm=Fin|Voice=Act	609	parataxis	_	@nas1991m-words#@nas1991m#2557.36
609	я	я	PRON	_	Case=Nom|Number=Sing|Person=1	607	nsubj	_	@nas1991m-words#@nas1991m#2557.65
610	живу	жить	VERB	_	Aspect=Imp|Mood=Ind|Number=Sing|Person=1|Tense=Pres|VerbForm=Fin|Voice=Act	601	acl:relcl	_	@nas1991m-words#@nas1991m#2557.94
611	в	в	ADP	_	_	612	case	_	@nas1991m-words#@nas1991m#2558.23
612	этой	этот	DET	_	Case=Loc|Gender=Fem|Number=Sing	612	det	_	@nas1991m-words#@nas1991m#2558.52
613	матрас	матрас	NOUN	_	Animacy=Inan|Case=Acc|Gender=Masc|Number=Sing	613	obl	_	@nas1991m-words#@nas1991m#2559.67
614	говорю	говорить	VERB	_	Aspect=Imp|Mood=Ind|Number=Sing|Person=1|Tense=Pres|VerbForm=Fin|Voice=Act	609	xcomp	_	@nas1991m-words#@nas1991m#2559.929#2560.188
615	горит	гореть	NOUN	_	Animacy=Anim|Case=Nom|Gender=Masc|Number=Sing	609	nsubj	_	@nas1991m-words#@nas1991m#2560.188#2560.447
616	/	/	PUNCT	_	_	620	punct	_	@nas1991m-words#@nas1991m#2560.447#2560.706
617	и	и	CCONJ	_	_	620	cc	_	@nas1991m-words#@nas1991m#2560.706#2560.965
618	так	так	ADV	_	Degree=Pos	616	fixed	_	@nas1991m-words#@nas1991m#2560.965#2561.224
619	далее	далее	ADV	_	Degree=Pos	616	fixed	_	@nas1991m-words#@nas1991m#2561.224#2561.483
620	/	/	PUNCT	_	_	620	punct	_	@nas1991m-words#@nas1991m#2561.483#2561.742
621	вынес	вынести	VERB	_	Aspect=Perf|Gender=Masc|Mood=Ind|Number=Sing|Tense=Past|VerbForm=Fin|Voice=Act	609	conj	_	@nas1991m-words#@nas1991m#2561.742#2562.001
622	/	/	PUNCT	_	_	622	punct	_	@nas1991m-words#@nas1991m#2562.001#2562.26
623	дома	дом	ADV	_	Degree=Pos	620	advmod	_	@nas1991m-words#@nas1991m#2562.26
624	вонь	вонь	NOUN	_	Animacy=Inan|Case=Nom|Gender=Fem|Number=Sing	620	nsubj	_	@nas1991m-words#@nas1991m#2562.519#2562.778
625	/	/	PUNCT	_	_	629	punct	_	@nas1991m-words#@nas1991m#2562.778#2563.037
626	мы	мы	PRON	_	Case=Nom|Number=Plur|Person=1	629	nsubj	_	@nas1991m-words#@nas1991m#2563.037#2563.296
627	еще	еще	ADV	_	Degree=Pos	627	advmod	_	@nas1991m-words#@nas1991m#2563.296#2563.555
628	три	три	NUM	_	Animacy=Inan|Case=Acc	628	nummod:gov	_	@nas1991m-words#@nas1991m#2563.555#2563.814
629	дня	день	NOUN	_	Animacy=Inan|Case=Gen|Gender=Masc|Number=Sing	629	obl	_	@nas1991m-words#@nas1991m#2563.814#2564.073
630	жили	жить	VERB	_	Aspect=Imp|Mood=Ind|Number=Plur|Tense=Past|VerbForm=Fin|Voice=Act	620	ccomp	_	@nas1991m-words#@nas1991m#2564.073#2564.332
631	в	в	ADP	_	_	631	case	_	@nas1991m-words#@nas1991m#2564.332#2564.591
632	вони	вонь	NOUN	_	Animacy=Inan|Case=Loc|Gender=Fem|Number=Sing	629	obl	_	@nas1991m-words#@nas1991m#2564.591#2564.85
633	я	я	PRON	_	Case=Nom|Number=Sing|Person=1	629	nsubj	_	@nas1991m-words#@nas1991m#2564.85
634	в	в	ADP	_	_	634	case	_	@nas1991m-words#@nas1991m#2565.109#2565.368
635	офис	офис	NOUN	_	Animacy=Inan|Case=Acc|Gender=Masc|Number=Sing	629	obl	_	@nas1991m-words#@nas1991m#2565.368#2565.627
636	еще	еще	ADV	_	Degree=Pos	636	advmod	_	@nas1991m-words#@nas1991m#2565.627#2565.886
637	приходил	приходить	VERB	_	Aspect=Imp|Gender=Masc|Mood=Ind|Number=Sing|Tense=Past|VerbForm=Fin|Voice=Act	629	conj	_	@nas1991m-words#@nas1991m#2565.886#2566.145
638	все	все	PRON	_	Animacy=Inan|Case=Acc|Gender=Neut|Number=Sing	638	obj	_	@nas1991m-words#@nas1991m#2566.145#2566.404
639	думали	думать	VERB	_	Aspect=Imp|Mood=Ind|Number=Plur|Tense=Past|VerbForm=Fin|Voice=Act	636	xcomp	_	@nas1991m-words#@nas1991m#2566.404#2566.663
640	/	/	PUNCT	_	_	642	punct	_	@nas1991m-words#@nas1991m#2566.663#2566.922
641	где	где	SCONJ	_	_	642	advmod	_	@nas1991m-words#@nas1991m#2566.922#2567.181
642	чё-то	чё-то	ADV	_	Degree=Pos	642	advmod	_	@nas1991m-words#@nas1991m#2567.181#2567.44
643	горит	гореть	VERB	_	Aspect=Imp|Mood=Ind|Number=Sing|Person=3|Tense=Pres|VerbForm=Fin|Voice=Act	638	ccomp	_	@nas1991m-words#@nas1991m#2567.44
644	что	что	SCONJ	_	_	642	obj	_	@nas1991m-words#@nas1991m#2567.699#2567.958
645	ли	ли	PART	_	_	643	advmod	_	@nas1991m-words#@nas1991m#2567.958#2568.22
646	то	то	PRON	_	Animacy=Inan|Case=Nom|Gender=Neut|Number=Sing	650	mark	_	@nas1991m-words#@nas1991m#2568.84
647	есть	быть	VERB	_	Aspect=Imp|Mood=Ind|Number=Sing|Person=3|Tense=Pres|VerbForm=Fin|Voice=Act	645	fixed	_	@nas1991m-words#@nas1991m#2569.026#2569.212
648	я	я	PRON	_	Case=Nom|Number=Sing|Person=1	650	nsubj	_	@nas1991m-words#@nas1991m#2569.212#2569.398
649	это	это	PRON	_	Animacy=Inan|Case=Acc|Gender=Neut|Number=Sing	650	obj	_	@nas1991m-words#@nas1991m#2569.398#2569.584
650	не	не	PART	_	_	650	advmod	_	@nas1991m-words#@nas1991m#2569.584#2569.77
651	придумал	придумать	VERB	_	Aspect=Perf|Gender=Masc|Mood=Ind|Number=Sing|Tense=Past|VerbForm=Fin|Voice=Act	642	parataxis	_	@nas1991m-words#@nas1991m#2569.77
652	м	ммм	INTJ	_	_	654	obj	_	@nas1991m-words#@nas1991m#2572.78
653	#смеется#	#смеется#	X	_	_	651	nmod	_	@nas1991m-words#@nas1991m#2573.117#2573.454
654	не	не	PART	_	_	654	advmod	_	@nas1991m-words#@nas1991m#2573.454#2573.791
655	знаю	знать	VERB	_	Aspect=Imp|Mood=Ind|Number=Sing|Person=1|Tense=Pres|VerbForm=Fin|Voice=Act	650	advcl	_	@nas1991m-words#@nas1991m#2573.791#2574.128
656	не	не	PART	_	_	656	advmod	_	@nas1991m-words#@nas1991m#2574.128#2574.465
657	знаю	знать	VERB	_	Aspect=Imp|Mood=Ind|Number=Sing|Person=1|Tense=Pres|VerbForm=Fin|Voice=Act	654	xcomp	_	@nas1991m-words#@nas1991m#2574.465#2574.802
658	/	/	PUNCT	_	_	672	punct	_	@nas1991m-words#@nas1991m#2574.802#2575.139
659	хм	хм	INTJ	_	_	660	amod	_	@nas1991m-words#@nas1991m#2575.139#2575.476
660	хороший	хороший	ADJ	_	Animacy=Inan|Case=Nom|Degree=Pos|Gender=Masc|Number=Sing	660	amod	_	@nas1991m-words#@nas1991m#2575.476#2575.813
661	вопрос	вопрос	NOUN	_	Animacy=Inan|Case=Nom|Gender=Masc|Number=Sing	672	obj	_	@nas1991m-words#@nas1991m#2575.813#2576.15
662	но	но	CCONJ	_	_	672	cc	_	@nas1991m-words#@nas1991m#2577.17
663	думаю	думать	VERB	_	Aspect=Imp|Mood=Ind|Number=Sing|Person=1|Tense=Pres|VerbForm=Fin|Voice=Act	672	parataxis	_	@nas1991m-words#@nas1991m#2577.476#2577.782
664	нет	нет	PART	_	_	672	advmod	_	@nas1991m-words#@nas1991m#2577.782#2578.09
665	не	не	PART	_	_	665	advmod	_	@nas1991m-words#@nas1991m#2579.84
666	не	не	PART	_	_	666	advmod	_	@nas1991m-words#@nas1991m#2580.19
667	не	не	PART	_	_	669	advmod	_	@nas1991m-words#@nas1991m#2582.62
668	когда	когда	SCONJ	_	_	669	mark	_	@nas1991m-words#@nas1991m#2582.893#2583.166
669	она	она	PRON	_	Case=Nom|Gender=Fem|Number=Sing|Person=3	669	nsubj	_	@nas1991m-words#@nas1991m#2583.166#2583.439
670	смеется	сметь	VERB	_	Aspect=Imp|Mood=Ind|Number=Sing|Person=3|Tense=Pres|VerbForm=Fin|Voice=Mid	672	advcl	_	@nas1991m-words#@nas1991m#2583.439#2583.712
671	она	она	PRON	_	Case=Nom|Gender=Fem|Number=Sing|Person=3	669	nsubj	_	@nas1991m-words#@nas1991m#2583.712#2583.985
672	меня	я	PRON	_	Case=Acc|Number=Sing|Person=1	669	obj	_	@nas1991m-words#@nas1991m#2583.985#2584.258
673	бьет	бить	VERB	_	Aspect=Imp|Mood=Ind|Number=Sing|Person=3|Tense=Pres|VerbForm=Fin|Voice=Act	656	ccomp	_	@nas1991m-words#@nas1991m#2584.258#2584.531
674	и	и	CCONJ	_	_	674	cc	_	@nas1991m-words#@nas1991m#2584.531#2584.804
675	говорит	говорить	VERB	_	Aspect=Imp|Mood=Ind|Number=Sing|Person=3|Tense=Pres|VerbForm=Fin|Voice=Act	672	conj	_	@nas1991m-words#@nas1991m#2584.804#2585.077
676	ну	ну	PART	_	_	676	discourse	_	@nas1991m-words#@nas1991m#2585.077#2585.35
677	ты	ты	PRON	_	Case=Nom|Number=Sing|Person=2	674	nsubj	_	@nas1991m-words#@nas1991m#2585.35
678	мудак	мудак	NOUN	_	Animacy=Anim|Case=Nom|Gender=Masc|Number=Sing	678	advmod	_	@nas1991m-words#@nas1991m#2585.623#2585.896
679	конечно	конечно	PRED	_	_	674	advmod	_	@nas1991m-words#@nas1991m#2585.896#2586.169
680	/	/	PUNCT	_	_	681	punct	_	@nas1991m-words#@nas1991m#2586.169#2586.442
681	но	но	CCONJ	_	_	681	cc	_	@nas1991m-words#@nas1991m#2586.442#2586.715
682	смеется	смеяться	VERB	_	Aspect=Imp|Mood=Ind|Number=Sing|Person=3|Tense=Pres|VerbForm=Fin|Voice=Mid	674	conj	_	@nas1991m-words#@nas1991m#2586.715#2587.0
683	прекрасно	прекрасно	ADV	_	Degree=Pos	681	advmod	_	@nas1991m-words#@nas1991m#2589.86
684	представляешь	представлять	VERB	_	Aspect=Imp|Mood=Ind|Number=Sing|Person=2|Tense=Pres|VerbForm=Fin|Voice=Act	681	xcomp	_	@nas1991m-words#@nas1991m#2591.46
685	?	?	PUNCT	_	_	681	punct	_	@nas1991m-words#@nas1991m#2591.835#2592.21
686	я	я	PRON	_	Case=Nom|Number=Sing|Person=1	681	nsubj	_	@nas1991m-words#@nas1991m#2593.18
687	в	в	ADP	_	_	687	case	_	@nas1991m-words#@nas1991m#2593.437#2593.694
688	шоке	шок	NOUN	_	Animacy=Inan|Case=Loc|Gender=Masc|Number=Sing	681	obl	_	@nas1991m-words#@nas1991m#2593.694#2593.951
689	сам	сам	DET	_	Case=Nom|Degree=Pos|Gender=Masc|Number=Sing	681	obl	_	@nas1991m-words#@nas1991m#2593.951#2594.208
690	я	я	PRON	_	Case=Nom|Number=Sing|Person=1	681	nsubj	_	@nas1991m-words#@nas1991m#2594.208#2594.465
691	когда	когда	SCONJ	_	_	740	mark	_	@nas1991m-words#@nas1991m#2594.465#2594.722
692	первый	первый	ADJ	_	Animacy=Inan|Case=Acc|Degree=Pos|Gender=Masc|Number=Sing	692	amod	_	@nas1991m-words#@nas1991m#2594.722#2594.979
693	раз	раз	NOUN	_	Animacy=Inan|Case=Acc|Gender=Masc|Number=Sing	694	obl	_	@nas1991m-words#@nas1991m#2594.979#2595.24
694	ааа	аа	INTJ	_	_	692	nmod	_	@nas1991m-words#@nas1991m#2596.67
695	начал	начать	VERB	_	Aspect=Perf|Gender=Masc|Mood=Ind|Number=Sing|Tense=Past|VerbForm=Fin|Voice=Act	740	advcl	_	@nas1991m-words#@nas1991m#2597.23
696	собственно	собственно	ADV	_	Degree=Pos	696	advmod	_	@nas1991m-words#@nas1991m#2598.54
697	говоря	говорить	VERB	_	Aspect=Imp|Tense=Pres|VerbForm=Conv|Voice=Act	740	advcl	_	@nas1991m-words#@nas1991m#2598.973#2599.406
698	заниматься	заниматься	VERB	_	Aspect=Imp|VerbForm=Inf|Voice=Mid	740	xcomp	_	@nas1991m-words#@nas1991m#2599.406#2599.84
699	тем	то	PRON	_	Animacy=Inan|Case=Ins|Gender=Neut|Number=Sing	700	obl	_	@nas1991m-words#@nas1991m#2600.39
700	что	что	SCONJ	_	_	698	fixed	_	@nas1991m-words#@nas1991m#2600.718#2601.046
701	говорить	говорить	VERB	_	Aspect=Imp|VerbForm=Inf|Voice=Act	740	xcomp	_	@nas1991m-words#@nas1991m#2601.046#2601.374
702	о	о	ADP	_	_	702	case	_	@nas1991m-words#@nas1991m#2601.374#2601.702
703	жене	жена	NOUN	_	Animacy=Anim|Case=Loc|Gender=Fem|Number=Sing	740	obl	_	@nas1991m-words#@nas1991m#2601.702#2602.03
704	/	/	PUNCT	_	_	740	punct	_	@nas1991m-words#@nas1991m#2602.03
705	не	не	PART	_	_	_	_	_	@nas1991m-words#@nas1991m#2602.03
706	в	в	ADP	_	_	740	mark	_	@nas1991m-words#@nas1991m#2602.358#2602.686
707	самых	самый	ADJ	_	Case=Loc|Degree=Pos|Number=Plur	706	amod	_	@nas1991m-words#@nas1991m#2602.686#2603.014
708	/	/	PUNCT	_	_	740	punct	_	@nas1991m-words#@nas1991m#2603.014#2603.342
709	аа	ааа	INTJ	_	_	740	nsubj	_	@nas1991m-words#@nas1991m#2603.342#2603.67
710	хороших	хороший	ADJ	_	Case=Loc|Degree=Pos|Number=Plur	709	amod	_	@nas1991m-words#@nas1991m#2603.67
711	тонах	тон	NOUN	_	Animacy=Inan|Case=Loc|Gender=Masc|Number=Plur	740	obl	_	@nas1991m-words#@nas1991m#2604.72
712	мм	ммм	INTJ	_	_	740	obl	_	@nas1991m-words#@nas1991m#2606.0
713	/	/	PUNCT	_	_	714	punct	_	@nas1991m-words#@nas1991m#2606.366#2606.732
714	я	я	PRON	_	Case=Nom|Number=Sing|Person=1	714	nsubj	_	@nas1991m-words#@nas1991m#2606.732#2607.098
715	больше	больше	ADV	_	Degree=Cmp	714	advmod	_	@nas1991m-words#@nas1991m#2607.098#2607.464
716	переживал	переживать	VERB	_	Aspect=Imp|Gender=Masc|Mood=Ind|Number=Sing|Tense=Past|VerbForm=Fin|Voice=Act	740	parataxis	_	@nas1991m-words#@nas1991m#2607.464#2607.83
717	за	за	ADP	_	_	716	case	_	@nas1991m-words#@nas1991m#2607.83
718	э	эээ	INTJ	_	_	714	obl	_	@nas1991m-words#@nas1991m#2608.196#2608.562
719	реакцию	реакция	NOUN	_	Animacy=Inan|Case=Acc|Gender=Fem|Number=Sing	714	obj	_	@nas1991m-words#@nas1991m#2608.562#2608.928
720	родителей	родитель	NOUN	_	Animacy=Anim|Case=Gen|Gender=Masc|Number=Plur	717	nmod	_	@nas1991m-words#@nas1991m#2608.928#2609.3
721	но	но	CCONJ	_	_	720	cc	_	@nas1991m-words#@nas1991m#2609.83
722	нет	нет	VERB	_	Aspect=Imp|Mood=Ind|Number=Sing|Person=3|Tense=Pres|VerbForm=Fin|Voice=Act	740	advcl	_	@nas1991m-words#@nas1991m#2610.145#2610.46
723	они	они	PRON	_	Case=Nom|Number=Plur|Person=3	720	nsubj	_	@nas1991m-words#@nas1991m#2610.46
724	мне	я	PRON	_	Case=Dat|Number=Sing|Person=1	723	iobj	_	@nas1991m-words#@nas1991m#2610.775#2611.09
725	звонят	звонить	VERB	_	Aspect=Imp|Mood=Ind|Number=Plur|Person=3|Tense=Pres|VerbForm=Fin|Voice=Act	740	xcomp	_	@nas1991m-words#@nas1991m#2611.09
726	молодец	молодец	NOUN	_	Animacy=Anim|Case=Nom|Gender=Masc|Number=Sing	740	nsubj	_	@nas1991m-words#@nas1991m#2611.405#2611.72
727	те	тот	DET	_	Case=Nom|Number=Plur	724	det	_	@nas1991m-words#@nas1991m#2611.72
728	в	в	ADP	_	_	727	case	_	@nas1991m-words#@nas1991m#2612.035#2612.35
729	ты	ты	PRON	_	Case=Nom|Number=Sing|Person=2	740	obl	_	@nas1991m-words#@nas1991m#2612.35
730	на	на	ADP	_	_	729	case	_	@nas1991m-words#@nas1991m#2612.665#2612.98
731	телевизоре	телевизор	NOUN	_	Animacy=Inan|Case=Loc|Gender=Masc|Number=Sing	727	nmod	_	@nas1991m-words#@nas1991m#2612.98
732	#нрзб#	#нрзб#	X	_	_	729	nmod	_	@nas1991m-words#@nas1991m#2613.295#2613.61
733	спасибо	спасибо	PART	_	_	730	nmod	_	@nas1991m-words#@nas1991m#2613.61
734	большое	большой	ADJ	_	Case=Nom|Degree=Pos|Gender=Neut|Number=Sing	731	amod	_	@nas1991m-words#@nas1991m#2613.925#2614.24
735	/	/	PUNCT	_	_	727	punct	_	@nas1991m-words#@nas1991m#2614.24
736	ну	ну	PART	_	_	736	parataxis	_	@nas1991m-words#@nas1991m#2614.555#2614.87
737	вот	вот	PART	_	_	736	advmod	_	@nas1991m-words#@nas1991m#2614.87
738	то	то	PRON	_	Animacy=Inan|Case=Nom|Gender=Neut|Number=Sing	740	obj	_	@nas1991m-words#@nas1991m#2615.185#2615.5
739	есть	быть	VERB	_	Aspect=Imp|Mood=Ind|Number=Sing|Person=3|Tense=Pres|VerbForm=Fin|Voice=Act	736	fixed	_	@nas1991m-words#@nas1991m#2615.5
740	они	они	PRON	_	Case=Nom|Number=Plur|Person=3	740	nsubj	_	@nas1991m-words#@nas1991m#2615.815#2616.13
741	тоже	тоже	PART	_	_	738	advmod	_	@nas1991m-words#@nas1991m#2616.13
742	понимают	понимать	VERB	_	Aspect=Imp|Mood=Ind|Number=Plur|Person=3|Tense=Pres|VerbForm=Fin|Voice=Act	681	advcl	_	@nas1991m-words#@nas1991m#2616.445#2616.76
743	что	что	SCONJ	_	_	743	mark	_	@nas1991m-words#@nas1991m#2616.76
744	это	это	PRON	_	Animacy=Inan|Case=Nom|Gender=Neut|Number=Sing	743	nsubj	_	@nas1991m-words#@nas1991m#2617.075#2617.39
745	так	так	ADV	_	Degree=Pos	740	advcl	_	@nas1991m-words#@nas1991m#2617.39
746	или	или	CCONJ	_	_	745	cc	_	@nas1991m-words#@nas1991m#2617.705#2618.02
747	иначе	иначе	ADV	_	Degree=Pos	743	conj	_	@nas1991m-words#@nas1991m#2618.02
748	шутки	шутка	NOUN	_	Animacy=Inan|Case=Nom|Gender=Fem|Number=Plur	745	nsubj	_	@nas1991m-words#@nas1991m#2618.335#2618.65
749	/	/	PUNCT	_	_	756	punct	_	@nas1991m-words#@nas1991m#2618.65
750	в	в	ADP	_	_	756	discourse	_	@nas1991m-words#@nas1991m#2618.965#2619.28
751	первую	первый	ADJ	_	Animacy=Inan|Case=Acc|Gender=Fem|Number=Sing	748	fixed	_	@nas1991m-words#@nas1991m#2619.28
752	очередь	очередь	NOUN	_	Animacy=Inan|Case=Acc|Gender=Fem|Number=Sing	748	fixed	_	@nas1991m-words#@nas1991m#2619.595#2619.91
753	/	/	PUNCT	_	_	756	punct	_	@nas1991m-words#@nas1991m#2619.91
754	а	а	CCONJ	_	_	756	cc	_	@nas1991m-words#@nas1991m#2620.225#2620.54
755	не	не	PART	_	_	754	advmod	_	@nas1991m-words#@nas1991m#2620.54
756	мое	мой	DET	_	Case=Nom|Gender=Neut|Number=Sing	756	det	_	@nas1991m-words#@nas1991m#2620.855#2621.17
757	искреннее	искренний	ADJ	_	Case=Nom|Degree=Pos|Gender=Neut|Number=Sing	756	amod	_	@nas1991m-words#@nas1991m#2621.17
758	отношение	отношение	NOUN	_	Animacy=Inan|Case=Nom|Gender=Neut|Number=Sing	746	nmod	_	@nas1991m-words#@nas1991m#2621.485#2621.8
759	к	к	ADP	_	_	758	case	_	@nas1991m-words#@nas1991m#2621.8
760	ней	она	PRON	_	Case=Dat|Gender=Fem|Number=Sing|Person=3	756	nmod	_	@nas1991m-words#@nas1991m#2622.115#2622.46
761	она	она	PRON	_	Case=Nom|Gender=Fem|Number=Sing|Person=3	770	nsubj	_	@nas1991m-words#@nas1991m#2628.76
762	очень	очень	ADV	_	Degree=Pos	761	obl	_	@nas1991m-words#@nas1991m#2629.15
763	милая	милый	ADJ	_	Case=Nom|Degree=Pos|Gender=Fem|Number=Sing	770	obl	_	@nas1991m-words#@nas1991m#2629.54
764	у	у	ADP	_	_	763	case	_	@nas1991m-words#@nas1991m#2630.69
765	нее	она	PRON	_	Case=Gen|Gender=Fem|Number=Sing|Person=3	761	nmod	_	@nas1991m-words#@nas1991m#2630.984#2631.278
766	очень	очень	ADV	_	Degree=Pos	765	obl	_	@nas1991m-words#@nas1991m#2631.278#2631.572
767	добрые	добрый	ADJ	_	Animacy=Inan|Case=Acc|Degree=Pos|Number=Plur	766	amod	_	@nas1991m-words#@nas1991m#2631.572#2631.866
768	глаза	глаз	NOUN	_	Animacy=Inan|Case=Acc|Gender=Masc|Number=Plur	770	obj	_	@nas1991m-words#@nas1991m#2631.866#2632.16
769	она	она	PRON	_	Case=Nom|Gender=Fem|Number=Sing|Person=3	770	nsubj	_	@nas1991m-words#@nas1991m#2632.8
770	очень	очень	ADV	_	Degree=Pos	769	advmod	_	@nas1991m-words#@nas1991m#2633.145#2633.49
771	классно	классно	ADV	_	Degree=Pos	770	advmod	_	@nas1991m-words#@nas1991m#2633.49
772	улыбается	улыбаться	VERB	_	Aspect=Imp|Mood=Ind|Number=Sing|Person=3|Tense=Pres|VerbForm=Fin|Voice=Mid	756	appos	_	@nas1991m-words#@nas1991m#2633.835#2634.18
773	она	она	PRON	_	Case=Nom|Gender=Fem|Number=Sing|Person=3	774	nsubj	_	@nas1991m-words#@nas1991m#2635.29
774	очень	очень	ADV	_	Degree=Pos	773	obl	_	@nas1991m-words#@nas1991m#2635.56
775	я	я	PRON	_	Case=Nom|Number=Sing|Person=1	774	nsubj	_	@nas1991m-words#@nas1991m#2635.83
776	люблю	любить	VERB	_	Aspect=Imp|Mood=Ind|Number=Sing|Person=1|Tense=Pres|VerbForm=Fin|Voice=Act	770	conj	_	@nas1991m-words#@nas1991m#2636.1
777	когда	когда	SCONJ	_	_	778	mark	_	@nas1991m-words#@nas1991m#2636.37
778	она	она	PRON	_	Case=Nom|Gender=Fem|Number=Sing|Person=3	778	nsubj	_	@nas1991m-words#@nas1991m#2636.64
779	меня	я	PRON	_	Case=Acc|Number=Sing|Person=1	778	obj	_	@nas1991m-words#@nas1991m#2636.91
780	обнимает	обнимать	VERB	_	Aspect=Imp|Mood=Ind|Number=Sing|Person=3|Tense=Pres|VerbForm=Fin|Voice=Act	792	advcl	_	@nas1991m-words#@nas1991m#2637.18
781	то	то	PRON	_	Animacy=Inan|Case=Nom|Gender=Neut|Number=Sing	792	mark	_	@nas1991m-words#@nas1991m#2638.71
782	есть	быть	VERB	_	Aspect=Imp|Mood=Ind|Number=Sing|Person=3|Tense=Pres|VerbForm=Fin|Voice=Act	779	fixed	_	@nas1991m-words#@nas1991m#2638.998#2639.286
783	масса	масса	NOUN	_	Animacy=Inan|Case=Nom|Gender=Fem|Number=Sing	792	obj	_	@nas1991m-words#@nas1991m#2639.286#2639.574
784	масса	масса	NOUN	_	Animacy=Inan|Case=Nom|Gender=Fem|Number=Sing	792	nsubj	_	@nas1991m-words#@nas1991m#2639.574#2639.862
785	я	я	PRON	_	Case=Nom|Number=Sing|Person=1	784	nsubj	_	@nas1991m-words#@nas1991m#2639.862#2640.15
786	могу	мочь	VERB	_	Aspect=Imp|Mood=Ind|Number=Sing|Person=1|Tense=Pres|VerbForm=Fin|Voice=Act	792	parataxis	_	@nas1991m-words#@nas1991m#2640.15
787	/	/	PUNCT	_	_	784	punct	_	@nas1991m-words#@nas1991m#2640.438#2640.726
788	много	много	ADV	_	Degree=Pos	792	advmod	_	@nas1991m-words#@nas1991m#2640.726#2641.014
789	чего	что	PRON	_	Case=Gen	788	obl	_	@nas1991m-words#@nas1991m#2641.014#2641.302
790	говорить	говорить	VERB	_	Aspect=Imp|VerbForm=Inf|Voice=Act	792	xcomp	_	@nas1991m-words#@nas1991m#2641.302#2641.59
791	она	она	PRON	_	Case=Nom|Gender=Fem|Number=Sing|Person=3	792	nsubj	_	@nas1991m-words#@nas1991m#2642.35
792	меня	я	PRON	_	Case=Acc|Number=Sing|Person=1	792	obj	_	@nas1991m-words#@nas1991m#2642.706#2643.062
793	искренне	искренне	ADV	_	Degree=Pos	792	advmod	_	@nas1991m-words#@nas1991m#2643.062#2643.418
794	любит	любить	VERB	_	Aspect=Imp|Mood=Ind|Number=Sing|Person=3|Tense=Pres|VerbForm=Fin|Voice=Act	774	ccomp	_	@nas1991m-words#@nas1991m#2643.418#2643.774
795	/	/	PUNCT	_	_	798	punct	_	@nas1991m-words#@nas1991m#2643.774#2644.13
796	она	она	PRON	_	Case=Nom|Gender=Fem|Number=Sing|Person=3	798	nsubj	_	@nas1991m-words#@nas1991m#2644.13
797	отличный	отличный	ADJ	_	Case=Nom|Degree=Pos|Gender=Masc|Number=Sing	798	amod	_	@nas1991m-words#@nas1991m#2644.486#2644.842
798	/	/	PUNCT	_	_	797	punct	_	@nas1991m-words#@nas1991m#2644.842#2645.198
799	прекрасный	прекрасный	ADJ	_	Case=Nom|Degree=Pos|Gender=Masc|Number=Sing	798	amod	_	@nas1991m-words#@nas1991m#2645.198#2645.554
800	человек	человек	NOUN	_	Animacy=Anim|Case=Nom|Gender=Masc|Number=Sing	792	nsubj	_	@nas1991m-words#@nas1991m#2645.554#2645.91
801	и	и	CCONJ	_	_	803	cc	_	@nas1991m-words#@nas1991m#2645.91
802	хорошая	хороший	ADJ	_	Case=Nom|Degree=Pos|Gender=Fem|Number=Sing	801	amod	_	@nas1991m-words#@nas1991m#2646.266#2646.622
803	мама	мама	NOUN	_	Animacy=Anim|Case=Nom|Gender=Fem|Number=Sing	798	conj	_	@nas1991m-words#@nas1991m#2646.622#2646.99
804	но	но	CCONJ	_	_	803	cc	_	@nas1991m-words#@nas1991m#2648.79
805	тупая	тупой	ADJ	_	Case=Nom|Degree=Pos|Gender=Fem|Number=Sing	792	conj	_	@nas1991m-words#@nas1991m#2649.252#2649.714
806	наверное	наверное	ADV	_	Degree=Pos	805	obl	_	@nas1991m-words#@nas1991m#2649.714#2650.176
807	#смеется#	#смеется#	X	_	_	803	obl	_	@nas1991m-words#@nas1991m#2650.176#2650.638
808	да	да	PART	_	_	812	cc	_	@nas1991m-words#@nas1991m#2650.638#2651.1
809	не	не	PART	_	_	808	advmod	_	@nas1991m-words#@nas1991m#2651.1
810	не	не	PART	_	_	809	advmod	_	@nas1991m-words#@nas1991m#2651.562#2652.024
811	не	не	PART	_	_	812	advmod	_	@nas1991m-words#@nas1991m#2652.024#2652.486
812	/	/	PUNCT	_	_	812	punct	_	@nas1991m-words#@nas1991m#2652.486#2652.948
813	прекрасный	прекрасный	ADJ	_	Case=Nom|Degree=Pos|Gender=Masc|Number=Sing	812	amod	_	@nas1991m-words#@nas1991m#2652.948#2653.41
814	человек	человек	NOUN	_	Animacy=Anim|Case=Nom|Gender=Masc|Number=Sing	805	conj	_	@nas1991m-words#@nas1991m#2653.41
815	на	на	ADP	_	_	815	case	_	@nas1991m-words#@nas1991m#2653.872#2654.334
816	самом	самый	ADJ	_	Case=Loc|Degree=Pos|Gender=Neut|Number=Sing	815	amod	_	@nas1991m-words#@nas1991m#2654.334#2654.796
817	деле	дело	NOUN	_	Animacy=Inan|Case=Loc|Gender=Neut|Number=Sing	812	nmod	_	@nas1991m-words#@nas1991m#2654.796#2655.27
